zona,tanggal_mulai,durasi_hari,tahun,bulan,musim,hari_ke,swh_puncak
1,2021-05-25,2,2021,5,Peralihan I,145,3.30751
1,2021-05-30,2,2021,5,Peralihan I,150,3.15797
1,2021-06-18,1,2021,6,Timur,169,3.03117
1,2021-07-13,3,2021,7,Timur,194,3.41053
1,2021-07-29,7,2021,7,Timur,210,3.91399
1,2021-08-10,4,2021,8,Timur,222,4.46795
1,2021-09-02,4,2021,9,Peralihan II,245,3.63241
1,2021-09-10,2,2021,9,Peralihan II,253,3.03316
1,2021-09-17,3,2021,9,Peralihan II,260,3.55201
1,2022-04-28,2,2022,4,Peralihan I,118,3.15004
1,2022-05-14,1,2022,5,Peralihan I,134,3.12450
1,2022-05-23,3,2022,5,Peralihan I,143,3.49133
1,2022-06-20,1,2022,6,Timur,171,3.02969
1,2022-06-24,2,2022,6,Timur,175,3.30570
1,2022-07-01,4,2022,7,Timur,182,3.83385
1,2022-07-11,5,2022,7,Timur,192,3.33147
1,2022-07-25,4,2022,7,Timur,206,3.39558
1,2022-08-03,3,2022,8,Timur,215,3.26415
1,2022-08-10,2,2022,8,Timur,222,3.07576
1,2022-08-15,5,2022,8,Timur,227,3.56909
1,2022-08-29,3,2022,8,Timur,241,3.71879
1,2022-09-15,1,2022,9,Peralihan II,258,3.09440
1,2022-09-22,5,2022,9,Peralihan II,265,3.27310
1,2023-02-11,1,2023,2,Barat,42,3.05938
1,2023-04-15,2,2023,4,Peralihan I,105,3.24411
1,2023-05-13,1,2023,5,Peralihan I,133,3.02784
1,2023-06-07,5,2023,6,Timur,158,3.23688
1,2023-07-05,5,2023,7,Timur,186,3.68667
1,2023-07-12,3,2023,7,Timur,193,3.30634
1,2023-07-19,4,2023,7,Timur,200,3.55891
1,2023-07-26,3,2023,7,Timur,207,3.47411
1,2023-08-03,3,2023,8,Timur,215,4.25355
1,2023-08-16,3,2023,8,Timur,228,3.62354
1,2023-08-22,3,2023,8,Timur,234,3.72377
1,2023-09-05,2,2023,9,Peralihan II,248,3.30387
1,2023-09-13,8,2023,9,Peralihan II,256,3.86521
1,2023-10-03,3,2023,10,Peralihan II,276,3.67319
1,2024-03-11,2,2024,3,Peralihan I,71,4.36570
1,2024-05-27,2,2024,5,Peralihan I,148,3.15343
1,2024-06-03,3,2024,6,Timur,155,3.69329
1,2024-06-11,1,2024,6,Timur,163,3.20942
1,2024-07-04,1,2024,7,Timur,186,3.07604
1,2024-07-14,1,2024,7,Timur,196,2.99156
1,2024-07-21,2,2024,7,Timur,203,3.10099
1,2024-07-31,2,2024,7,Timur,213,3.11679
1,2024-08-07,3,2024,8,Timur,220,3.23072
1,2024-08-12,2,2024,8,Timur,225,3.17152
1,2024-08-18,2,2024,8,Timur,231,3.19041
1,2024-08-26,2,2024,8,Timur,239,3.12785
1,2024-09-06,3,2024,9,Peralihan II,250,3.35708
1,2024-10-04,1,2024,10,Peralihan II,278,3.00336
1,2024-10-15,3,2024,10,Peralihan II,289,3.47383
1,2025-02-05,3,2025,2,Barat,36,4.75224
1,2025-05-05,2,2025,5,Peralihan I,125,3.06523
1,2025-06-12,1,2025,6,Timur,163,3.10018
1,2025-06-21,4,2025,6,Timur,172,3.83567
1,2025-06-28,2,2025,6,Timur,179,3.14015
1,2025-07-08,3,2025,7,Timur,189,3.59849
1,2025-07-17,4,2025,7,Timur,198,3.14938
1,2025-07-26,6,2025,7,Timur,207,3.75312
1,2025-08-04,3,2025,8,Timur,216,3.92472
1,2025-08-26,3,2025,8,Timur,238,3.50973
1,2025-09-07,4,2025,9,Peralihan II,250,3.22098
1,2025-09-16,1,2025,9,Peralihan II,259,3.02473
1,2025-10-14,2,2025,10,Peralihan II,287,3.29129
2,2021-01-30,2,2021,1,Barat,30,2.46207
2,2021-02-23,2,2021,2,Barat,54,2.40989
2,2021-04-09,1,2021,4,Peralihan I,99,2.51612
2,2021-05-25,3,2021,5,Peralihan I,145,2.76861
2,2021-05-31,1,2021,5,Peralihan I,151,2.40526
2,2021-06-16,4,2021,6,Timur,167,2.56475
2,2021-07-13,4,2021,7,Timur,194,2.77338
2,2021-07-26,8,2021,7,Timur,207,3.12944
2,2021-08-10,4,2021,8,Timur,222,3.51446
2,2021-08-24,1,2021,8,Timur,236,2.39235
2,2021-09-02,4,2021,9,Peralihan II,245,2.86945
2,2021-09-17,3,2021,9,Peralihan II,260,2.67023
2,2022-04-29,1,2022,4,Peralihan I,119,2.46531
2,2022-05-14,2,2022,5,Peralihan I,134,2.45713
2,2022-05-24,2,2022,5,Peralihan I,144,2.73185
2,2022-06-20,1,2022,6,Timur,171,2.52013
2,2022-06-24,2,2022,6,Timur,175,2.46733
2,2022-07-01,4,2022,7,Timur,182,2.70474
2,2022-07-12,4,2022,7,Timur,193,2.68815
2,2022-07-26,4,2022,7,Timur,207,2.80184
2,2022-08-03,3,2022,8,Timur,215,2.74808
2,2022-08-11,1,2022,8,Timur,223,2.47636
2,2022-08-15,1,2022,8,Timur,227,2.42085
2,2022-08-18,1,2022,8,Timur,230,2.61479
2,2022-08-29,3,2022,8,Timur,241,2.94471
2,2022-09-22,5,2022,9,Peralihan II,265,2.66414
2,2022-12-23,1,2022,12,Barat,357,2.52057
2,2023-01-03,1,2023,1,Barat,3,2.40082
2,2023-02-09,2,2023,2,Barat,40,2.65004
2,2023-04-15,2,2023,4,Peralihan I,105,2.70031
2,2023-06-07,2,2023,6,Timur,158,2.52222
2,2023-06-11,2,2023,6,Timur,162,2.53420
2,2023-07-05,4,2023,7,Timur,186,2.96718
2,2023-07-13,1,2023,7,Timur,194,2.49049
2,2023-07-20,3,2023,7,Timur,201,2.72800
2,2023-07-26,3,2023,7,Timur,207,2.49497
2,2023-08-03,3,2023,8,Timur,215,3.25219
2,2023-08-17,2,2023,8,Timur,229,2.57210
2,2023-08-23,2,2023,8,Timur,235,2.81178
2,2023-09-05,2,2023,9,Peralihan II,248,2.59999
2,2023-09-14,5,2023,9,Peralihan II,257,2.93227
2,2023-09-21,1,2023,9,Peralihan II,264,2.55743
2,2023-10-04,2,2023,10,Peralihan II,277,2.89615
2,2024-03-12,4,2024,3,Peralihan I,72,3.31905
2,2024-05-27,3,2024,5,Peralihan I,148,2.55774
2,2024-06-03,3,2024,6,Timur,155,3.04247
2,2024-06-11,2,2024,6,Timur,163,2.72400
2,2024-07-04,2,2024,7,Timur,186,2.64096
2,2024-07-14,1,2024,7,Timur,196,2.38792
2,2024-07-22,1,2024,7,Timur,204,2.38384
2,2024-07-31,2,2024,7,Timur,213,2.66507
2,2024-08-08,2,2024,8,Timur,221,2.50121
2,2024-08-13,1,2024,8,Timur,226,2.38243
2,2024-08-18,2,2024,8,Timur,231,2.47473
2,2024-09-06,2,2024,9,Peralihan II,250,2.61350
2,2024-10-04,2,2024,10,Peralihan II,278,2.57667
2,2024-10-16,2,2024,10,Peralihan II,290,2.68999
2,2024-12-11,1,2024,12,Barat,346,2.43363
2,2024-12-18,1,2024,12,Barat,353,2.38137
2,2025-01-19,2,2025,1,Barat,19,2.69772
2,2025-02-03,5,2025,2,Barat,34,4.11901
2,2025-03-25,1,2025,3,Peralihan I,84,2.38676
2,2025-05-05,2,2025,5,Peralihan I,125,2.58058
2,2025-06-12,1,2025,6,Timur,163,2.43477
2,2025-06-21,4,2025,6,Timur,172,3.05623
2,2025-06-28,2,2025,6,Timur,179,2.60801
2,2025-07-09,2,2025,7,Timur,190,2.81800
2,2025-07-18,3,2025,7,Timur,199,2.60825
2,2025-07-26,5,2025,7,Timur,207,2.83852
2,2025-08-04,3,2025,8,Timur,216,3.38511
2,2025-08-22,2,2025,8,Timur,234,2.39687
2,2025-08-26,3,2025,8,Timur,238,2.75027
2,2025-09-07,4,2025,9,Peralihan II,250,2.50645
2,2025-09-16,2,2025,9,Peralihan II,259,2.47769
2,2025-10-14,2,2025,10,Peralihan II,287,2.54594
3,2021-01-30,7,2021,1,Barat,30,2.15309
3,2021-02-23,2,2021,2,Barat,54,1.91167
3,2021-05-26,2,2021,5,Peralihan I,146,1.95905
3,2021-06-17,3,2021,6,Timur,168,1.84902
3,2021-07-13,3,2021,7,Timur,194,2.06045
3,2021-07-26,1,2021,7,Timur,207,1.78317
3,2021-07-29,6,2021,7,Timur,210,2.25324
3,2021-08-11,3,2021,8,Timur,223,2.47316
3,2021-08-24,1,2021,8,Timur,236,1.76746
3,2021-09-02,4,2021,9,Peralihan II,245,2.09831
3,2021-09-18,2,2021,9,Peralihan II,261,1.91946
3,2022-01-25,2,2022,1,Barat,25,1.89910
3,2022-01-31,1,2022,1,Barat,31,1.79922
3,2022-03-03,1,2022,3,Peralihan I,62,1.81325
3,2022-05-24,2,2022,5,Peralihan I,144,2.07345
3,2022-06-21,1,2022,6,Timur,172,1.75947
3,2022-07-01,4,2022,7,Timur,182,1.95764
3,2022-07-12,4,2022,7,Timur,193,1.87865
3,2022-07-26,4,2022,7,Timur,207,2.00775
3,2022-08-03,3,2022,8,Timur,215,2.10210
3,2022-08-15,2,2022,8,Timur,227,1.80327
3,2022-08-20,1,2022,8,Timur,232,1.86137
3,2022-08-29,3,2022,8,Timur,241,2.15438
3,2022-09-23,4,2022,9,Peralihan II,266,1.88100
3,2022-12-23,2,2022,12,Barat,357,2.18085
3,2022-12-29,7,2022,12,Barat,363,2.25506
3,2023-02-08,1,2023,2,Barat,39,2.06762
3,2023-02-26,1,2023,2,Barat,57,1.95072
3,2023-04-15,2,2023,4,Peralihan I,105,1.83605
3,2023-06-08,1,2023,6,Timur,159,1.78316
3,2023-06-11,2,2023,6,Timur,162,1.88848
3,2023-07-05,4,2023,7,Timur,186,2.08915
3,2023-07-13,2,2023,7,Timur,194,1.81674
3,2023-07-20,4,2023,7,Timur,201,2.02412
3,2023-08-04,2,2023,8,Timur,216,2.17961
3,2023-08-17,2,2023,8,Timur,229,1.78167
3,2023-08-23,2,2023,8,Timur,235,1.97849
3,2023-09-05,2,2023,9,Peralihan II,248,1.93807
3,2023-09-14,5,2023,9,Peralihan II,257,2.17865
3,2023-09-21,2,2023,9,Peralihan II,264,1.86977
3,2023-10-04,2,2023,10,Peralihan II,277,2.09486
3,2024-03-10,7,2024,3,Peralihan I,70,2.64529
3,2024-05-28,2,2024,5,Peralihan I,149,1.87286
3,2024-06-03,4,2024,6,Timur,155,2.18742
3,2024-06-11,2,2024,6,Timur,163,2.05100
3,2024-06-18,1,2024,6,Timur,170,1.76221
3,2024-07-04,2,2024,7,Timur,186,2.02460
3,2024-07-31,3,2024,7,Timur,213,2.16625
3,2024-08-09,2,2024,8,Timur,222,1.93002
3,2024-08-13,1,2024,8,Timur,226,1.84063
3,2024-08-19,1,2024,8,Timur,232,1.88806
3,2024-08-27,1,2024,8,Timur,240,1.81893
3,2024-09-07,1,2024,9,Peralihan II,251,1.85856
3,2024-10-04,2,2024,10,Peralihan II,278,1.90200
3,2024-10-16,2,2024,10,Peralihan II,290,2.04927
3,2024-12-10,1,2024,12,Barat,345,1.80840
3,2025-01-17,3,2025,1,Barat,17,1.86356
3,2025-02-02,8,2025,2,Barat,33,3.00226
3,2025-03-24,1,2025,3,Peralihan I,83,1.77369
3,2025-05-05,2,2025,5,Peralihan I,125,1.81115
3,2025-06-12,2,2025,6,Timur,163,1.82628
3,2025-06-22,3,2025,6,Timur,173,2.00052
3,2025-06-28,2,2025,6,Timur,179,1.83003
3,2025-07-09,2,2025,7,Timur,190,1.98727
3,2025-07-18,4,2025,7,Timur,199,1.92282
3,2025-07-26,4,2025,7,Timur,207,2.01382
3,2025-08-04,3,2025,8,Timur,216,2.38116
3,2025-08-23,1,2025,8,Timur,235,1.81616
3,2025-08-26,3,2025,8,Timur,238,2.04845
3,2025-09-08,2,2025,9,Peralihan II,251,1.89760
3,2025-09-17,1,2025,9,Peralihan II,260,1.78865
3,2025-10-15,1,2025,10,Peralihan II,288,1.78140
4,2021-01-28,10,2021,1,Barat,28,2.27306
4,2021-02-20,1,2021,2,Barat,51,1.54875
4,2021-02-24,1,2021,2,Barat,55,1.72551
4,2021-03-20,1,2021,3,Peralihan I,79,1.55695
4,2021-04-02,1,2021,4,Peralihan I,92,1.61292
4,2021-04-06,2,2021,4,Peralihan I,96,1.91872
4,2021-07-13,4,2021,7,Timur,194,1.82611
4,2021-07-29,6,2021,7,Timur,210,1.83754
4,2021-08-11,3,2021,8,Timur,223,2.05056
4,2021-09-03,3,2021,9,Peralihan II,246,1.62586
4,2021-09-11,1,2021,9,Peralihan II,254,1.53182
4,2021-09-18,1,2021,9,Peralihan II,261,1.51669
4,2022-01-15,3,2022,1,Barat,15,1.71146
4,2022-01-25,3,2022,1,Barat,25,1.95040
4,2022-01-31,2,2022,1,Barat,31,2.49076
4,2022-03-02,3,2022,3,Peralihan I,61,1.64731
4,2022-05-24,2,2022,5,Peralihan I,144,1.73775
4,2022-07-02,4,2022,7,Timur,183,1.69576
4,2022-07-12,2,2022,7,Timur,193,1.56901
4,2022-07-16,2,2022,7,Timur,197,1.63263
4,2022-07-26,3,2022,7,Timur,207,1.54521
4,2022-08-04,2,2022,8,Timur,216,1.72769
4,2022-08-16,1,2022,8,Timur,228,1.54992
4,2022-08-20,2,2022,8,Timur,232,1.56838
4,2022-08-30,1,2022,8,Timur,242,1.61351
4,2022-12-23,4,2022,12,Barat,357,2.26558
4,2022-12-29,9,2022,12,Barat,363,2.43530
4,2023-02-04,1,2023,2,Barat,35,1.54067
4,2023-02-07,2,2023,2,Barat,38,1.83912
4,2023-02-25,3,2023,2,Barat,56,2.06033
4,2023-07-06,2,2023,7,Timur,187,1.69618
4,2023-07-13,2,2023,7,Timur,194,1.59141
4,2023-07-21,7,2023,7,Timur,202,1.85216
4,2023-08-04,2,2023,8,Timur,216,1.73770
4,2023-08-19,1,2023,8,Timur,231,1.59556
4,2023-08-24,1,2023,8,Timur,236,1.53619
4,2023-09-05,2,2023,9,Peralihan II,248,1.62151
4,2023-09-15,5,2023,9,Peralihan II,258,1.85703
4,2023-10-04,2,2023,10,Peralihan II,277,1.57706
4,2024-01-22,4,2024,1,Barat,22,1.69562
4,2024-03-10,8,2024,3,Peralihan I,70,2.42039
4,2024-05-28,2,2024,5,Peralihan I,149,1.54860
4,2024-06-04,3,2024,6,Timur,156,1.87236
4,2024-06-11,2,2024,6,Timur,163,1.65079
4,2024-06-18,1,2024,6,Timur,170,1.51714
4,2024-07-04,2,2024,7,Timur,186,1.72027
4,2024-07-17,3,2024,7,Timur,199,1.78174
4,2024-07-31,3,2024,7,Timur,213,1.82317
4,2024-08-09,1,2024,8,Timur,222,1.72512
4,2024-08-13,2,2024,8,Timur,226,1.60541
4,2024-08-19,1,2024,8,Timur,232,1.58450
4,2024-09-07,1,2024,9,Peralihan II,251,1.51866
4,2024-10-16,3,2024,10,Peralihan II,290,1.78178
4,2025-01-16,5,2025,1,Barat,16,1.73458
4,2025-01-30,15,2025,1,Barat,30,2.15140
4,2025-03-23,2,2025,3,Peralihan I,82,1.72940
4,2025-06-12,2,2025,6,Timur,163,1.69185
4,2025-06-22,3,2025,6,Timur,173,1.70233
4,2025-06-28,2,2025,6,Timur,179,1.72001
4,2025-07-09,2,2025,7,Timur,190,1.60307
4,2025-07-29,3,2025,7,Timur,210,1.64081
4,2025-08-04,3,2025,8,Timur,216,1.77623
4,2025-08-27,2,2025,8,Timur,239,1.62171
4,2025-09-08,1,2025,9,Peralihan II,251,1.66303
5,2021-01-25,13,2021,1,Barat,25,2.10067
5,2021-02-19,3,2021,2,Barat,50,1.44279
5,2021-03-20,1,2021,3,Peralihan I,79,1.26736
5,2021-04-02,6,2021,4,Peralihan I,92,2.15939
5,2021-05-28,1,2021,5,Peralihan I,148,1.32252
5,2021-07-14,2,2021,7,Timur,195,1.28068
5,2021-08-11,3,2021,8,Timur,223,1.49067
5,2021-09-08,2,2021,9,Peralihan II,251,1.32329
5,2021-12-22,6,2021,12,Barat,356,1.43728
5,2022-01-13,5,2022,1,Barat,13,1.91085
5,2022-01-22,14,2022,1,Barat,22,2.31784
5,2022-02-22,1,2022,2,Barat,53,1.29217
5,2022-02-25,7,2022,2,Barat,56,1.42175
5,2022-06-11,1,2022,6,Timur,162,1.34102
5,2022-06-23,1,2022,6,Timur,174,1.26322
5,2022-07-01,5,2022,7,Timur,182,1.37715
5,2022-07-16,1,2022,7,Timur,197,1.26465
5,2022-07-28,1,2022,7,Timur,209,1.28273
5,2022-08-21,1,2022,8,Timur,233,1.28652
5,2022-08-25,1,2022,8,Timur,237,1.25233
5,2022-12-24,14,2022,12,Barat,358,2.51492
5,2023-02-04,3,2023,2,Barat,35,1.29076
5,2023-02-09,2,2023,2,Barat,40,1.33172
5,2023-02-13,3,2023,2,Barat,44,1.44990
5,2023-02-24,8,2023,2,Barat,55,2.06582
5,2023-04-10,3,2023,4,Peralihan I,100,1.55951
5,2023-05-22,1,2023,5,Peralihan I,142,1.27443
5,2023-07-22,5,2023,7,Timur,203,1.64438
5,2023-08-05,2,2023,8,Timur,217,1.31597
5,2023-08-20,1,2023,8,Timur,232,1.28615
5,2023-09-15,3,2023,9,Peralihan II,258,1.38696
5,2024-01-14,4,2024,1,Barat,14,1.46317
5,2024-01-20,8,2024,1,Barat,20,1.55091
5,2024-03-10,8,2024,3,Peralihan I,70,1.87075
5,2024-06-04,3,2024,6,Timur,156,1.51939
5,2024-07-04,2,2024,7,Timur,186,1.42416
5,2024-07-17,3,2024,7,Timur,199,1.69897
5,2024-08-01,1,2024,8,Timur,214,1.28090
5,2024-12-09,1,2024,12,Barat,344,1.26232
5,2025-01-16,3,2025,1,Barat,16,1.50139
5,2025-01-31,14,2025,1,Barat,31,2.05116
5,2025-03-23,2,2025,3,Peralihan I,82,1.50430
5,2025-03-27,2,2025,3,Peralihan I,86,1.35713
5,2025-04-18,1,2025,4,Peralihan I,108,1.25616
5,2025-06-12,2,2025,6,Timur,163,1.38496
5,2025-06-23,2,2025,6,Timur,174,1.29502
5,2025-06-27,5,2025,6,Timur,178,1.49724
5,2025-08-03,1,2025,8,Timur,215,1.31294
5,2025-12-30,1,2025,12,Barat,364,1.25575
6,2021-01-20,1,2021,1,Barat,20,1.16311
6,2021-01-27,6,2021,1,Barat,27,1.49520
6,2021-02-04,2,2021,2,Barat,35,1.63519
6,2021-02-20,2,2021,2,Barat,51,1.26533
6,2021-04-01,5,2021,4,Peralihan I,91,1.67959
6,2021-05-27,2,2021,5,Peralihan I,147,1.41553
6,2021-06-27,2,2021,6,Timur,178,1.31415
6,2021-07-03,2,2021,7,Timur,184,1.26231
6,2021-08-05,3,2021,8,Timur,217,1.36159
6,2021-08-17,1,2021,8,Timur,229,1.21094
6,2021-09-06,5,2021,9,Peralihan II,249,1.58259
6,2021-12-26,3,2021,12,Barat,360,1.39989
6,2022-01-14,3,2022,1,Barat,14,1.30603
6,2022-01-29,5,2022,1,Barat,29,1.80098
6,2022-02-23,5,2022,2,Barat,54,1.82305
6,2022-05-07,2,2022,5,Peralihan I,127,1.26871
6,2022-06-10,3,2022,6,Timur,161,1.34232
6,2022-06-22,3,2022,6,Timur,173,1.47587
6,2022-06-28,8,2022,6,Timur,179,1.48531
6,2022-07-14,2,2022,7,Timur,195,1.20872
6,2022-07-27,2,2022,7,Timur,208,1.33483
6,2022-08-20,6,2022,8,Timur,232,1.50877
6,2022-12-25,1,2022,12,Barat,359,1.16720
6,2022-12-28,11,2022,12,Barat,362,2.27635
6,2023-02-09,5,2023,2,Barat,40,1.34094
6,2023-02-25,7,2023,2,Barat,56,1.86560
6,2023-04-09,2,2023,4,Peralihan I,99,1.25086
6,2023-05-08,3,2023,5,Peralihan I,128,1.37875
6,2023-05-21,2,2023,5,Peralihan I,141,1.32620
6,2023-05-28,4,2023,5,Peralihan I,148,1.25403
6,2023-07-09,1,2023,7,Timur,190,1.19287
6,2023-07-12,2,2023,7,Timur,193,1.27124
6,2023-07-18,1,2023,7,Timur,199,1.16285
6,2023-07-23,4,2023,7,Timur,204,1.76264
6,2023-08-05,3,2023,8,Timur,217,1.22629
6,2023-08-20,1,2023,8,Timur,232,1.23622
6,2024-01-14,5,2024,1,Barat,14,1.55589
6,2024-01-21,1,2024,1,Barat,21,1.20151
6,2024-01-26,2,2024,1,Barat,26,1.18370
6,2024-03-11,4,2024,3,Peralihan I,71,1.49917
6,2024-05-19,4,2024,5,Peralihan I,140,1.44781
6,2024-06-01,2,2024,6,Timur,153,1.25990
6,2024-06-05,4,2024,6,Timur,157,1.30349
6,2024-06-22,2,2024,6,Timur,174,1.36362
6,2024-07-02,4,2024,7,Timur,184,1.44330
6,2024-07-17,3,2024,7,Timur,199,1.57613
6,2024-07-29,3,2024,7,Timur,211,1.26880
6,2024-09-18,1,2024,9,Peralihan II,262,1.24078
6,2025-02-02,10,2025,2,Barat,33,1.55184
6,2025-05-16,3,2025,5,Peralihan I,136,1.40491
6,2025-06-12,2,2025,6,Timur,163,1.26752
6,2025-06-26,7,2025,6,Timur,177,1.49053
6,2025-08-02,2,2025,8,Timur,214,1.57173
6,2025-08-18,2,2025,8,Timur,230,1.20613
6,2025-09-01,1,2025,9,Peralihan II,244,1.17819
6,2025-11-24,1,2025,11,Peralihan II,328,1.19994
7,2021-01-26,13,2021,1,Barat,26,2.07340
7,2021-02-20,1,2021,2,Barat,51,1.57441
7,2021-04-01,1,2021,4,Peralihan I,91,1.62616
7,2021-05-27,2,2021,5,Peralihan I,147,1.78827
7,2021-06-27,1,2021,6,Timur,178,1.74948
7,2021-07-03,2,2021,7,Timur,184,1.71906
7,2021-08-05,3,2021,8,Timur,217,1.80916
7,2021-08-17,1,2021,8,Timur,229,1.62786
7,2021-09-06,5,2021,9,Peralihan II,249,2.17437
7,2021-09-23,1,2021,9,Peralihan II,266,1.59030
7,2021-12-25,5,2021,12,Barat,359,2.38650
7,2022-01-15,2,2022,1,Barat,15,1.59088
7,2022-01-28,7,2022,1,Barat,28,2.51846
7,2022-02-23,6,2022,2,Barat,54,3.71482
7,2022-05-07,2,2022,5,Peralihan I,127,1.87045
7,2022-06-09,3,2022,6,Timur,160,1.80347
7,2022-06-22,3,2022,6,Timur,173,1.94906
7,2022-06-27,9,2022,6,Timur,178,2.21310
7,2022-07-14,2,2022,7,Timur,195,1.73397
7,2022-07-28,1,2022,7,Timur,209,1.60425
7,2022-08-21,1,2022,8,Timur,233,1.70219
7,2022-08-24,3,2022,8,Timur,236,2.03959
7,2022-12-28,12,2022,12,Barat,362,3.36430
7,2023-02-09,4,2023,2,Barat,40,2.13686
7,2023-02-25,8,2023,2,Barat,56,2.91015
7,2023-04-09,1,2023,4,Peralihan I,99,1.77264
7,2023-05-08,3,2023,5,Peralihan I,128,1.91444
7,2023-05-21,2,2023,5,Peralihan I,141,1.80194
7,2023-05-30,1,2023,5,Peralihan I,150,1.61456
7,2023-06-30,3,2023,6,Timur,181,1.74225
7,2023-07-09,1,2023,7,Timur,190,1.66283
7,2023-07-23,3,2023,7,Timur,204,2.35762
7,2023-08-07,1,2023,8,Timur,219,1.60105
7,2024-01-13,10,2024,1,Barat,13,2.59237
7,2024-01-25,3,2024,1,Barat,25,1.94117
7,2024-03-12,6,2024,3,Peralihan I,72,2.45972
7,2024-05-19,4,2024,5,Peralihan I,140,2.00210
7,2024-06-01,2,2024,6,Timur,153,1.71006
7,2024-06-05,3,2024,6,Timur,157,1.78767
7,2024-06-22,1,2024,6,Timur,174,1.77235
7,2024-07-02,3,2024,7,Timur,184,1.93117
7,2024-07-17,2,2024,7,Timur,199,2.01627
7,2024-07-29,2,2024,7,Timur,211,1.59904
7,2024-09-17,2,2024,9,Peralihan II,261,1.87092
7,2025-02-02,9,2025,2,Barat,33,2.25427
7,2025-04-11,2,2025,4,Peralihan I,101,1.68843
7,2025-04-30,3,2025,4,Peralihan I,120,1.76381
7,2025-05-16,4,2025,5,Peralihan I,136,1.98943
7,2025-05-30,1,2025,5,Peralihan I,150,1.64041
7,2025-06-12,1,2025,6,Timur,163,1.61439
7,2025-06-26,7,2025,6,Timur,177,2.08358
7,2025-08-02,2,2025,8,Timur,214,2.09931
7,2025-11-23,3,2025,11,Peralihan II,327,2.39344
