zona,tier,musim,th_musim,W
573-A,1,Barat,2002,2
573-A,1,Barat,2003,5
573-A,1,Barat,2004,7
573-A,1,Barat,2005,4
573-A,1,Barat,2006,6
573-A,1,Barat,2007,1
573-A,1,Barat,2008,14
573-A,1,Barat,2009,5
573-A,1,Barat,2010,2
573-A,1,Barat,2011,10
573-A,1,Barat,2012,9
573-A,1,Barat,2013,11
573-A,1,Barat,2014,3
573-A,1,Barat,2015,2
573-A,1,Barat,2016,0
573-A,1,Barat,2017,14
573-A,1,Barat,2018,9
573-A,1,Barat,2019,3
573-A,1,Barat,2020,0
573-A,1,Barat,2021,4
573-A,1,Barat,2022,0
573-A,1,Barat,2023,6
573-A,1,Barat,2024,0
573-A,1,Barat,2025,9
573-A,1,Peralihan I,2001,10
573-A,1,Peralihan I,2002,17
573-A,1,Peralihan I,2003,13
573-A,1,Peralihan I,2004,9
573-A,1,Peralihan I,2005,11
573-A,1,Peralihan I,2006,3
573-A,1,Peralihan I,2007,11
573-A,1,Peralihan I,2008,5
573-A,1,Peralihan I,2009,2
573-A,1,Peralihan I,2010,0
573-A,1,Peralihan I,2011,3
573-A,1,Peralihan I,2012,20
573-A,1,Peralihan I,2013,8
573-A,1,Peralihan I,2014,13
573-A,1,Peralihan I,2015,5
573-A,1,Peralihan I,2016,17
573-A,1,Peralihan I,2017,10
573-A,1,Peralihan I,2018,7
573-A,1,Peralihan I,2019,14
573-A,1,Peralihan I,2020,10
573-A,1,Peralihan I,2021,3
573-A,1,Peralihan I,2022,3
573-A,1,Peralihan I,2023,5
573-A,1,Peralihan I,2024,10
573-A,1,Peralihan I,2025,3
573-A,1,Timur,2001,33
573-A,1,Timur,2002,29
573-A,1,Timur,2003,21
573-A,1,Timur,2004,23
573-A,1,Timur,2005,22
573-A,1,Timur,2006,34
573-A,1,Timur,2007,29
573-A,1,Timur,2008,26
573-A,1,Timur,2009,19
573-A,1,Timur,2010,25
573-A,1,Timur,2011,29
573-A,1,Timur,2012,22
573-A,1,Timur,2013,22
573-A,1,Timur,2014,41
573-A,1,Timur,2015,18
573-A,1,Timur,2016,27
573-A,1,Timur,2017,32
573-A,1,Timur,2018,24
573-A,1,Timur,2019,33
573-A,1,Timur,2020,34
573-A,1,Timur,2021,22
573-A,1,Timur,2022,32
573-A,1,Timur,2023,28
573-A,1,Timur,2024,22
573-A,1,Timur,2025,32
573-A,1,Peralihan II,2001,11
573-A,1,Peralihan II,2002,14
573-A,1,Peralihan II,2003,14
573-A,1,Peralihan II,2004,7
573-A,1,Peralihan II,2005,28
573-A,1,Peralihan II,2006,18
573-A,1,Peralihan II,2007,9
573-A,1,Peralihan II,2008,15
573-A,1,Peralihan II,2009,14
573-A,1,Peralihan II,2010,8
573-A,1,Peralihan II,2011,13
573-A,1,Peralihan II,2012,9
573-A,1,Peralihan II,2013,23
573-A,1,Peralihan II,2014,15
573-A,1,Peralihan II,2015,12
573-A,1,Peralihan II,2016,11
573-A,1,Peralihan II,2017,7
573-A,1,Peralihan II,2018,9
573-A,1,Peralihan II,2019,16
573-A,1,Peralihan II,2020,18
573-A,1,Peralihan II,2021,10
573-A,1,Peralihan II,2022,8
573-A,1,Peralihan II,2023,13
573-A,1,Peralihan II,2024,7
573-A,1,Peralihan II,2025,7
573-A,2,Barat,2002,0
573-A,2,Barat,2003,4
573-A,2,Barat,2004,5
573-A,2,Barat,2005,0
573-A,2,Barat,2006,2
573-A,2,Barat,2007,1
573-A,2,Barat,2008,16
573-A,2,Barat,2009,4
573-A,2,Barat,2010,2
573-A,2,Barat,2011,7
573-A,2,Barat,2012,6
573-A,2,Barat,2013,9
573-A,2,Barat,2014,0
573-A,2,Barat,2015,0
573-A,2,Barat,2016,0
573-A,2,Barat,2017,7
573-A,2,Barat,2018,6
573-A,2,Barat,2019,0
573-A,2,Barat,2020,0
573-A,2,Barat,2021,0
573-A,2,Barat,2022,0
573-A,2,Barat,2023,4
573-A,2,Barat,2024,0
573-A,2,Barat,2025,3
573-A,2,Peralihan I,2001,8
573-A,2,Peralihan I,2002,14
573-A,2,Peralihan I,2003,8
573-A,2,Peralihan I,2004,8
573-A,2,Peralihan I,2005,7
573-A,2,Peralihan I,2006,2
573-A,2,Peralihan I,2007,8
573-A,2,Peralihan I,2008,1
573-A,2,Peralihan I,2009,1
573-A,2,Peralihan I,2010,0
573-A,2,Peralihan I,2011,0
573-A,2,Peralihan I,2012,17
573-A,2,Peralihan I,2013,5
573-A,2,Peralihan I,2014,7
573-A,2,Peralihan I,2015,2
573-A,2,Peralihan I,2016,10
573-A,2,Peralihan I,2017,7
573-A,2,Peralihan I,2018,4
573-A,2,Peralihan I,2019,7
573-A,2,Peralihan I,2020,6
573-A,2,Peralihan I,2021,2
573-A,2,Peralihan I,2022,2
573-A,2,Peralihan I,2023,3
573-A,2,Peralihan I,2024,5
573-A,2,Peralihan I,2025,1
573-A,2,Timur,2001,34
573-A,2,Timur,2002,26
573-A,2,Timur,2003,11
573-A,2,Timur,2004,18
573-A,2,Timur,2005,19
573-A,2,Timur,2006,27
573-A,2,Timur,2007,21
573-A,2,Timur,2008,15
573-A,2,Timur,2009,14
573-A,2,Timur,2010,16
573-A,2,Timur,2011,17
573-A,2,Timur,2012,9
573-A,2,Timur,2013,16
573-A,2,Timur,2014,27
573-A,2,Timur,2015,13
573-A,2,Timur,2016,15
573-A,2,Timur,2017,25
573-A,2,Timur,2018,26
573-A,2,Timur,2019,25
573-A,2,Timur,2020,24
573-A,2,Timur,2021,15
573-A,2,Timur,2022,15
573-A,2,Timur,2023,17
573-A,2,Timur,2024,12
573-A,2,Timur,2025,22
573-A,2,Peralihan II,2001,5
573-A,2,Peralihan II,2002,7
573-A,2,Peralihan II,2003,14
573-A,2,Peralihan II,2004,3
573-A,2,Peralihan II,2005,25
573-A,2,Peralihan II,2006,12
573-A,2,Peralihan II,2007,8
573-A,2,Peralihan II,2008,7
573-A,2,Peralihan II,2009,12
573-A,2,Peralihan II,2010,5
573-A,2,Peralihan II,2011,8
573-A,2,Peralihan II,2012,9
573-A,2,Peralihan II,2013,22
573-A,2,Peralihan II,2014,8
573-A,2,Peralihan II,2015,8
573-A,2,Peralihan II,2016,3
573-A,2,Peralihan II,2017,4
573-A,2,Peralihan II,2018,8
573-A,2,Peralihan II,2019,10
573-A,2,Peralihan II,2020,14
573-A,2,Peralihan II,2021,5
573-A,2,Peralihan II,2022,6
573-A,2,Peralihan II,2023,12
573-A,2,Peralihan II,2024,4
573-A,2,Peralihan II,2025,5
573-A,3,Barat,2002,0
573-A,3,Barat,2003,2
573-A,3,Barat,2004,1
573-A,3,Barat,2005,0
573-A,3,Barat,2006,1
573-A,3,Barat,2007,0
573-A,3,Barat,2008,7
573-A,3,Barat,2009,1
573-A,3,Barat,2010,0
573-A,3,Barat,2011,0
573-A,3,Barat,2012,3
573-A,3,Barat,2013,5
573-A,3,Barat,2014,0
573-A,3,Barat,2015,0
573-A,3,Barat,2016,0
573-A,3,Barat,2017,3
573-A,3,Barat,2018,2
573-A,3,Barat,2019,0
573-A,3,Barat,2020,0
573-A,3,Barat,2021,0
573-A,3,Barat,2022,0
573-A,3,Barat,2023,0
573-A,3,Barat,2024,0
573-A,3,Barat,2025,0
573-A,3,Peralihan I,2001,4
573-A,3,Peralihan I,2002,4
573-A,3,Peralihan I,2003,5
573-A,3,Peralihan I,2004,3
573-A,3,Peralihan I,2005,6
573-A,3,Peralihan I,2006,0
573-A,3,Peralihan I,2007,2
573-A,3,Peralihan I,2008,0
573-A,3,Peralihan I,2009,0
573-A,3,Peralihan I,2010,0
573-A,3,Peralihan I,2011,0
573-A,3,Peralihan I,2012,9
573-A,3,Peralihan I,2013,2
573-A,3,Peralihan I,2014,1
573-A,3,Peralihan I,2015,0
573-A,3,Peralihan I,2016,5
573-A,3,Peralihan I,2017,4
573-A,3,Peralihan I,2018,2
573-A,3,Peralihan I,2019,3
573-A,3,Peralihan I,2020,4
573-A,3,Peralihan I,2021,1
573-A,3,Peralihan I,2022,2
573-A,3,Peralihan I,2023,1
573-A,3,Peralihan I,2024,3
573-A,3,Peralihan I,2025,0
573-A,3,Timur,2001,15
573-A,3,Timur,2002,14
573-A,3,Timur,2003,3
573-A,3,Timur,2004,10
573-A,3,Timur,2005,10
573-A,3,Timur,2006,12
573-A,3,Timur,2007,12
573-A,3,Timur,2008,3
573-A,3,Timur,2009,8
573-A,3,Timur,2010,7
573-A,3,Timur,2011,9
573-A,3,Timur,2012,3
573-A,3,Timur,2013,9
573-A,3,Timur,2014,15
573-A,3,Timur,2015,6
573-A,3,Timur,2016,11
573-A,3,Timur,2017,14
573-A,3,Timur,2018,19
573-A,3,Timur,2019,16
573-A,3,Timur,2020,16
573-A,3,Timur,2021,11
573-A,3,Timur,2022,9
573-A,3,Timur,2023,9
573-A,3,Timur,2024,5
573-A,3,Timur,2025,10
573-A,3,Peralihan II,2001,3
573-A,3,Peralihan II,2002,3
573-A,3,Peralihan II,2003,10
573-A,3,Peralihan II,2004,0
573-A,3,Peralihan II,2005,13
573-A,3,Peralihan II,2006,4
573-A,3,Peralihan II,2007,11
573-A,3,Peralihan II,2008,2
573-A,3,Peralihan II,2009,6
573-A,3,Peralihan II,2010,0
573-A,3,Peralihan II,2011,5
573-A,3,Peralihan II,2012,6
573-A,3,Peralihan II,2013,17
573-A,3,Peralihan II,2014,6
573-A,3,Peralihan II,2015,1
573-A,3,Peralihan II,2016,2
573-A,3,Peralihan II,2017,2
573-A,3,Peralihan II,2018,1
573-A,3,Peralihan II,2019,2
573-A,3,Peralihan II,2020,10
573-A,3,Peralihan II,2021,4
573-A,3,Peralihan II,2022,1
573-A,3,Peralihan II,2023,5
573-A,3,Peralihan II,2024,2
573-A,3,Peralihan II,2025,0
573-D,1,Barat,2002,11
573-D,1,Barat,2003,10
573-D,1,Barat,2004,18
573-D,1,Barat,2005,11
573-D,1,Barat,2006,12
573-D,1,Barat,2007,5
573-D,1,Barat,2008,16
573-D,1,Barat,2009,10
573-D,1,Barat,2010,8
573-D,1,Barat,2011,12
573-D,1,Barat,2012,7
573-D,1,Barat,2013,15
573-D,1,Barat,2014,18
573-D,1,Barat,2015,9
573-D,1,Barat,2016,6
573-D,1,Barat,2017,22
573-D,1,Barat,2018,9
573-D,1,Barat,2019,11
573-D,1,Barat,2020,8
573-D,1,Barat,2021,9
573-D,1,Barat,2022,10
573-D,1,Barat,2023,21
573-D,1,Barat,2024,2
573-D,1,Barat,2025,9
573-D,1,Peralihan I,2001,9
573-D,1,Peralihan I,2002,14
573-D,1,Peralihan I,2003,10
573-D,1,Peralihan I,2004,12
573-D,1,Peralihan I,2005,9
573-D,1,Peralihan I,2006,4
573-D,1,Peralihan I,2007,9
573-D,1,Peralihan I,2008,8
573-D,1,Peralihan I,2009,0
573-D,1,Peralihan I,2010,1
573-D,1,Peralihan I,2011,4
573-D,1,Peralihan I,2012,16
573-D,1,Peralihan I,2013,6
573-D,1,Peralihan I,2014,6
573-D,1,Peralihan I,2015,2
573-D,1,Peralihan I,2016,8
573-D,1,Peralihan I,2017,15
573-D,1,Peralihan I,2018,11
573-D,1,Peralihan I,2019,25
573-D,1,Peralihan I,2020,8
573-D,1,Peralihan I,2021,7
573-D,1,Peralihan I,2022,1
573-D,1,Peralihan I,2023,2
573-D,1,Peralihan I,2024,9
573-D,1,Peralihan I,2025,5
573-D,1,Timur,2001,34
573-D,1,Timur,2002,26
573-D,1,Timur,2003,20
573-D,1,Timur,2004,22
573-D,1,Timur,2005,21
573-D,1,Timur,2006,40
573-D,1,Timur,2007,41
573-D,1,Timur,2008,26
573-D,1,Timur,2009,19
573-D,1,Timur,2010,22
573-D,1,Timur,2011,28
573-D,1,Timur,2012,24
573-D,1,Timur,2013,21
573-D,1,Timur,2014,37
573-D,1,Timur,2015,10
573-D,1,Timur,2016,12
573-D,1,Timur,2017,20
573-D,1,Timur,2018,31
573-D,1,Timur,2019,32
573-D,1,Timur,2020,34
573-D,1,Timur,2021,18
573-D,1,Timur,2022,33
573-D,1,Timur,2023,25
573-D,1,Timur,2024,26
573-D,1,Timur,2025,23
573-D,1,Peralihan II,2001,4
573-D,1,Peralihan II,2002,2
573-D,1,Peralihan II,2003,10
573-D,1,Peralihan II,2004,2
573-D,1,Peralihan II,2005,11
573-D,1,Peralihan II,2006,8
573-D,1,Peralihan II,2007,11
573-D,1,Peralihan II,2008,1
573-D,1,Peralihan II,2009,5
573-D,1,Peralihan II,2010,1
573-D,1,Peralihan II,2011,10
573-D,1,Peralihan II,2012,6
573-D,1,Peralihan II,2013,19
573-D,1,Peralihan II,2014,6
573-D,1,Peralihan II,2015,5
573-D,1,Peralihan II,2016,1
573-D,1,Peralihan II,2017,1
573-D,1,Peralihan II,2018,0
573-D,1,Peralihan II,2019,9
573-D,1,Peralihan II,2020,11
573-D,1,Peralihan II,2021,10
573-D,1,Peralihan II,2022,0
573-D,1,Peralihan II,2023,8
573-D,1,Peralihan II,2024,3
573-D,1,Peralihan II,2025,4
573-D,2,Barat,2002,5
573-D,2,Barat,2003,6
573-D,2,Barat,2004,20
573-D,2,Barat,2005,3
573-D,2,Barat,2006,10
573-D,2,Barat,2007,2
573-D,2,Barat,2008,15
573-D,2,Barat,2009,8
573-D,2,Barat,2010,7
573-D,2,Barat,2011,11
573-D,2,Barat,2012,7
573-D,2,Barat,2013,14
573-D,2,Barat,2014,15
573-D,2,Barat,2015,7
573-D,2,Barat,2016,4
573-D,2,Barat,2017,17
573-D,2,Barat,2018,9
573-D,2,Barat,2019,8
573-D,2,Barat,2020,5
573-D,2,Barat,2021,7
573-D,2,Barat,2022,7
573-D,2,Barat,2023,16
573-D,2,Barat,2024,0
573-D,2,Barat,2025,7
573-D,2,Peralihan I,2001,5
573-D,2,Peralihan I,2002,11
573-D,2,Peralihan I,2003,7
573-D,2,Peralihan I,2004,9
573-D,2,Peralihan I,2005,8
573-D,2,Peralihan I,2006,2
573-D,2,Peralihan I,2007,6
573-D,2,Peralihan I,2008,5
573-D,2,Peralihan I,2009,0
573-D,2,Peralihan I,2010,0
573-D,2,Peralihan I,2011,3
573-D,2,Peralihan I,2012,9
573-D,2,Peralihan I,2013,5
573-D,2,Peralihan I,2014,1
573-D,2,Peralihan I,2015,1
573-D,2,Peralihan I,2016,6
573-D,2,Peralihan I,2017,8
573-D,2,Peralihan I,2018,8
573-D,2,Peralihan I,2019,12
573-D,2,Peralihan I,2020,5
573-D,2,Peralihan I,2021,5
573-D,2,Peralihan I,2022,0
573-D,2,Peralihan I,2023,0
573-D,2,Peralihan I,2024,6
573-D,2,Peralihan I,2025,1
573-D,2,Timur,2001,25
573-D,2,Timur,2002,11
573-D,2,Timur,2003,14
573-D,2,Timur,2004,19
573-D,2,Timur,2005,17
573-D,2,Timur,2006,33
573-D,2,Timur,2007,30
573-D,2,Timur,2008,20
573-D,2,Timur,2009,9
573-D,2,Timur,2010,18
573-D,2,Timur,2011,21
573-D,2,Timur,2012,15
573-D,2,Timur,2013,12
573-D,2,Timur,2014,31
573-D,2,Timur,2015,9
573-D,2,Timur,2016,12
573-D,2,Timur,2017,18
573-D,2,Timur,2018,18
573-D,2,Timur,2019,19
573-D,2,Timur,2020,27
573-D,2,Timur,2021,10
573-D,2,Timur,2022,17
573-D,2,Timur,2023,20
573-D,2,Timur,2024,15
573-D,2,Timur,2025,16
573-D,2,Peralihan II,2001,2
573-D,2,Peralihan II,2002,2
573-D,2,Peralihan II,2003,9
573-D,2,Peralihan II,2004,0
573-D,2,Peralihan II,2005,6
573-D,2,Peralihan II,2006,3
573-D,2,Peralihan II,2007,7
573-D,2,Peralihan II,2008,1
573-D,2,Peralihan II,2009,4
573-D,2,Peralihan II,2010,0
573-D,2,Peralihan II,2011,8
573-D,2,Peralihan II,2012,2
573-D,2,Peralihan II,2013,16
573-D,2,Peralihan II,2014,2
573-D,2,Peralihan II,2015,1
573-D,2,Peralihan II,2016,0
573-D,2,Peralihan II,2017,1
573-D,2,Peralihan II,2018,0
573-D,2,Peralihan II,2019,3
573-D,2,Peralihan II,2020,6
573-D,2,Peralihan II,2021,4
573-D,2,Peralihan II,2022,0
573-D,2,Peralihan II,2023,6
573-D,2,Peralihan II,2024,1
573-D,2,Peralihan II,2025,2
573-D,3,Barat,2002,4
573-D,3,Barat,2003,6
573-D,3,Barat,2004,17
573-D,3,Barat,2005,1
573-D,3,Barat,2006,8
573-D,3,Barat,2007,0
573-D,3,Barat,2008,10
573-D,3,Barat,2009,4
573-D,3,Barat,2010,1
573-D,3,Barat,2011,6
573-D,3,Barat,2012,7
573-D,3,Barat,2013,12
573-D,3,Barat,2014,12
573-D,3,Barat,2015,7
573-D,3,Barat,2016,2
573-D,3,Barat,2017,12
573-D,3,Barat,2018,5
573-D,3,Barat,2019,5
573-D,3,Barat,2020,5
573-D,3,Barat,2021,6
573-D,3,Barat,2022,4
573-D,3,Barat,2023,11
573-D,3,Barat,2024,0
573-D,3,Barat,2025,7
573-D,3,Peralihan I,2001,0
573-D,3,Peralihan I,2002,5
573-D,3,Peralihan I,2003,3
573-D,3,Peralihan I,2004,7
573-D,3,Peralihan I,2005,3
573-D,3,Peralihan I,2006,2
573-D,3,Peralihan I,2007,4
573-D,3,Peralihan I,2008,1
573-D,3,Peralihan I,2009,0
573-D,3,Peralihan I,2010,0
573-D,3,Peralihan I,2011,0
573-D,3,Peralihan I,2012,9
573-D,3,Peralihan I,2013,1
573-D,3,Peralihan I,2014,1
573-D,3,Peralihan I,2015,1
573-D,3,Peralihan I,2016,1
573-D,3,Peralihan I,2017,2
573-D,3,Peralihan I,2018,5
573-D,3,Peralihan I,2019,0
573-D,3,Peralihan I,2020,1
573-D,3,Peralihan I,2021,3
573-D,3,Peralihan I,2022,0
573-D,3,Peralihan I,2023,0
573-D,3,Peralihan I,2024,5
573-D,3,Peralihan I,2025,0
573-D,3,Timur,2001,16
573-D,3,Timur,2002,5
573-D,3,Timur,2003,4
573-D,3,Timur,2004,13
573-D,3,Timur,2005,8
573-D,3,Timur,2006,17
573-D,3,Timur,2007,12
573-D,3,Timur,2008,9
573-D,3,Timur,2009,0
573-D,3,Timur,2010,7
573-D,3,Timur,2011,12
573-D,3,Timur,2012,7
573-D,3,Timur,2013,6
573-D,3,Timur,2014,13
573-D,3,Timur,2015,4
573-D,3,Timur,2016,9
573-D,3,Timur,2017,11
573-D,3,Timur,2018,8
573-D,3,Timur,2019,11
573-D,3,Timur,2020,12
573-D,3,Timur,2021,6
573-D,3,Timur,2022,3
573-D,3,Timur,2023,7
573-D,3,Timur,2024,4
573-D,3,Timur,2025,3
573-D,3,Peralihan II,2001,0
573-D,3,Peralihan II,2002,1
573-D,3,Peralihan II,2003,1
573-D,3,Peralihan II,2004,0
573-D,3,Peralihan II,2005,3
573-D,3,Peralihan II,2006,1
573-D,3,Peralihan II,2007,2
573-D,3,Peralihan II,2008,0
573-D,3,Peralihan II,2009,2
573-D,3,Peralihan II,2010,0
573-D,3,Peralihan II,2011,5
573-D,3,Peralihan II,2012,0
573-D,3,Peralihan II,2013,12
573-D,3,Peralihan II,2014,1
573-D,3,Peralihan II,2015,0
573-D,3,Peralihan II,2016,0
573-D,3,Peralihan II,2017,0
573-D,3,Peralihan II,2018,0
573-D,3,Peralihan II,2019,1
573-D,3,Peralihan II,2020,2
573-D,3,Peralihan II,2021,1
573-D,3,Peralihan II,2022,0
573-D,3,Peralihan II,2023,2
573-D,3,Peralihan II,2024,0
573-D,3,Peralihan II,2025,0
573-F,1,Barat,2002,8
573-F,1,Barat,2003,4
573-F,1,Barat,2004,15
573-F,1,Barat,2005,1
573-F,1,Barat,2006,7
573-F,1,Barat,2007,5
573-F,1,Barat,2008,15
573-F,1,Barat,2009,5
573-F,1,Barat,2010,2
573-F,1,Barat,2011,8
573-F,1,Barat,2012,3
573-F,1,Barat,2013,4
573-F,1,Barat,2014,11
573-F,1,Barat,2015,9
573-F,1,Barat,2016,5
573-F,1,Barat,2017,10
573-F,1,Barat,2018,6
573-F,1,Barat,2019,10
573-F,1,Barat,2020,0
573-F,1,Barat,2021,8
573-F,1,Barat,2022,13
573-F,1,Barat,2023,18
573-F,1,Barat,2024,4
573-F,1,Barat,2025,7
573-F,1,Peralihan I,2001,13
573-F,1,Peralihan I,2002,14
573-F,1,Peralihan I,2003,19
573-F,1,Peralihan I,2004,10
573-F,1,Peralihan I,2005,16
573-F,1,Peralihan I,2006,5
573-F,1,Peralihan I,2007,2
573-F,1,Peralihan I,2008,9
573-F,1,Peralihan I,2009,7
573-F,1,Peralihan I,2010,5
573-F,1,Peralihan I,2011,9
573-F,1,Peralihan I,2012,18
573-F,1,Peralihan I,2013,5
573-F,1,Peralihan I,2014,5
573-F,1,Peralihan I,2015,7
573-F,1,Peralihan I,2016,7
573-F,1,Peralihan I,2017,13
573-F,1,Peralihan I,2018,8
573-F,1,Peralihan I,2019,18
573-F,1,Peralihan I,2020,13
573-F,1,Peralihan I,2021,9
573-F,1,Peralihan I,2022,3
573-F,1,Peralihan I,2023,14
573-F,1,Peralihan I,2024,11
573-F,1,Peralihan I,2025,12
573-F,1,Timur,2001,24
573-F,1,Timur,2002,20
573-F,1,Timur,2003,24
573-F,1,Timur,2004,19
573-F,1,Timur,2005,22
573-F,1,Timur,2006,27
573-F,1,Timur,2007,28
573-F,1,Timur,2008,37
573-F,1,Timur,2009,17
573-F,1,Timur,2010,25
573-F,1,Timur,2011,31
573-F,1,Timur,2012,34
573-F,1,Timur,2013,33
573-F,1,Timur,2014,42
573-F,1,Timur,2015,34
573-F,1,Timur,2016,27
573-F,1,Timur,2017,24
573-F,1,Timur,2018,25
573-F,1,Timur,2019,29
573-F,1,Timur,2020,38
573-F,1,Timur,2021,15
573-F,1,Timur,2022,29
573-F,1,Timur,2023,30
573-F,1,Timur,2024,28
573-F,1,Timur,2025,24
573-F,1,Peralihan II,2001,0
573-F,1,Peralihan II,2002,0
573-F,1,Peralihan II,2003,0
573-F,1,Peralihan II,2004,3
573-F,1,Peralihan II,2005,0
573-F,1,Peralihan II,2006,7
573-F,1,Peralihan II,2007,0
573-F,1,Peralihan II,2008,0
573-F,1,Peralihan II,2009,0
573-F,1,Peralihan II,2010,3
573-F,1,Peralihan II,2011,6
573-F,1,Peralihan II,2012,0
573-F,1,Peralihan II,2013,7
573-F,1,Peralihan II,2014,0
573-F,1,Peralihan II,2015,3
573-F,1,Peralihan II,2016,0
573-F,1,Peralihan II,2017,1
573-F,1,Peralihan II,2018,2
573-F,1,Peralihan II,2019,6
573-F,1,Peralihan II,2020,1
573-F,1,Peralihan II,2021,8
573-F,1,Peralihan II,2022,0
573-F,1,Peralihan II,2023,5
573-F,1,Peralihan II,2024,3
573-F,1,Peralihan II,2025,1
573-F,2,Barat,2002,6
573-F,2,Barat,2003,2
573-F,2,Barat,2004,13
573-F,2,Barat,2005,0
573-F,2,Barat,2006,11
573-F,2,Barat,2007,1
573-F,2,Barat,2008,13
573-F,2,Barat,2009,1
573-F,2,Barat,2010,1
573-F,2,Barat,2011,7
573-F,2,Barat,2012,1
573-F,2,Barat,2013,2
573-F,2,Barat,2014,11
573-F,2,Barat,2015,7
573-F,2,Barat,2016,4
573-F,2,Barat,2017,7
573-F,2,Barat,2018,5
573-F,2,Barat,2019,5
573-F,2,Barat,2020,0
573-F,2,Barat,2021,4
573-F,2,Barat,2022,8
573-F,2,Barat,2023,12
573-F,2,Barat,2024,4
573-F,2,Barat,2025,6
573-F,2,Peralihan I,2001,6
573-F,2,Peralihan I,2002,13
573-F,2,Peralihan I,2003,16
573-F,2,Peralihan I,2004,8
573-F,2,Peralihan I,2005,11
573-F,2,Peralihan I,2006,3
573-F,2,Peralihan I,2007,0
573-F,2,Peralihan I,2008,6
573-F,2,Peralihan I,2009,3
573-F,2,Peralihan I,2010,5
573-F,2,Peralihan I,2011,5
573-F,2,Peralihan I,2012,11
573-F,2,Peralihan I,2013,2
573-F,2,Peralihan I,2014,2
573-F,2,Peralihan I,2015,5
573-F,2,Peralihan I,2016,4
573-F,2,Peralihan I,2017,11
573-F,2,Peralihan I,2018,12
573-F,2,Peralihan I,2019,14
573-F,2,Peralihan I,2020,8
573-F,2,Peralihan I,2021,8
573-F,2,Peralihan I,2022,3
573-F,2,Peralihan I,2023,7
573-F,2,Peralihan I,2024,7
573-F,2,Peralihan I,2025,4
573-F,2,Timur,2001,18
573-F,2,Timur,2002,9
573-F,2,Timur,2003,17
573-F,2,Timur,2004,22
573-F,2,Timur,2005,9
573-F,2,Timur,2006,29
573-F,2,Timur,2007,28
573-F,2,Timur,2008,24
573-F,2,Timur,2009,13
573-F,2,Timur,2010,25
573-F,2,Timur,2011,19
573-F,2,Timur,2012,22
573-F,2,Timur,2013,27
573-F,2,Timur,2014,32
573-F,2,Timur,2015,20
573-F,2,Timur,2016,24
573-F,2,Timur,2017,16
573-F,2,Timur,2018,20
573-F,2,Timur,2019,16
573-F,2,Timur,2020,19
573-F,2,Timur,2021,10
573-F,2,Timur,2022,27
573-F,2,Timur,2023,18
573-F,2,Timur,2024,20
573-F,2,Timur,2025,15
573-F,2,Peralihan II,2001,0
573-F,2,Peralihan II,2002,0
573-F,2,Peralihan II,2003,0
573-F,2,Peralihan II,2004,3
573-F,2,Peralihan II,2005,0
573-F,2,Peralihan II,2006,3
573-F,2,Peralihan II,2007,0
573-F,2,Peralihan II,2008,0
573-F,2,Peralihan II,2009,0
573-F,2,Peralihan II,2010,1
573-F,2,Peralihan II,2011,5
573-F,2,Peralihan II,2012,0
573-F,2,Peralihan II,2013,6
573-F,2,Peralihan II,2014,0
573-F,2,Peralihan II,2015,0
573-F,2,Peralihan II,2016,0
573-F,2,Peralihan II,2017,0
573-F,2,Peralihan II,2018,2
573-F,2,Peralihan II,2019,3
573-F,2,Peralihan II,2020,0
573-F,2,Peralihan II,2021,6
573-F,2,Peralihan II,2022,0
573-F,2,Peralihan II,2023,3
573-F,2,Peralihan II,2024,1
573-F,2,Peralihan II,2025,2
573-F,3,Barat,2002,1
573-F,3,Barat,2003,0
573-F,3,Barat,2004,8
573-F,3,Barat,2005,0
573-F,3,Barat,2006,4
573-F,3,Barat,2007,0
573-F,3,Barat,2008,8
573-F,3,Barat,2009,0
573-F,3,Barat,2010,0
573-F,3,Barat,2011,4
573-F,3,Barat,2012,0
573-F,3,Barat,2013,0
573-F,3,Barat,2014,8
573-F,3,Barat,2015,3
573-F,3,Barat,2016,2
573-F,3,Barat,2017,2
573-F,3,Barat,2018,3
573-F,3,Barat,2019,0
573-F,3,Barat,2020,0
573-F,3,Barat,2021,2
573-F,3,Barat,2022,3
573-F,3,Barat,2023,10
573-F,3,Barat,2024,1
573-F,3,Barat,2025,1
573-F,3,Peralihan I,2001,3
573-F,3,Peralihan I,2002,0
573-F,3,Peralihan I,2003,6
573-F,3,Peralihan I,2004,7
573-F,3,Peralihan I,2005,1
573-F,3,Peralihan I,2006,2
573-F,3,Peralihan I,2007,0
573-F,3,Peralihan I,2008,5
573-F,3,Peralihan I,2009,0
573-F,3,Peralihan I,2010,4
573-F,3,Peralihan I,2011,4
573-F,3,Peralihan I,2012,4
573-F,3,Peralihan I,2013,2
573-F,3,Peralihan I,2014,1
573-F,3,Peralihan I,2015,3
573-F,3,Peralihan I,2016,2
573-F,3,Peralihan I,2017,9
573-F,3,Peralihan I,2018,7
573-F,3,Peralihan I,2019,11
573-F,3,Peralihan I,2020,7
573-F,3,Peralihan I,2021,4
573-F,3,Peralihan I,2022,1
573-F,3,Peralihan I,2023,3
573-F,3,Peralihan I,2024,4
573-F,3,Peralihan I,2025,2
573-F,3,Timur,2001,14
573-F,3,Timur,2002,8
573-F,3,Timur,2003,8
573-F,3,Timur,2004,16
573-F,3,Timur,2005,2
573-F,3,Timur,2006,18
573-F,3,Timur,2007,18
573-F,3,Timur,2008,16
573-F,3,Timur,2009,3
573-F,3,Timur,2010,16
573-F,3,Timur,2011,12
573-F,3,Timur,2012,10
573-F,3,Timur,2013,17
573-F,3,Timur,2014,17
573-F,3,Timur,2015,13
573-F,3,Timur,2016,10
573-F,3,Timur,2017,4
573-F,3,Timur,2018,12
573-F,3,Timur,2019,7
573-F,3,Timur,2020,12
573-F,3,Timur,2021,2
573-F,3,Timur,2022,14
573-F,3,Timur,2023,5
573-F,3,Timur,2024,9
573-F,3,Timur,2025,8
573-F,3,Peralihan II,2001,0
573-F,3,Peralihan II,2002,0
573-F,3,Peralihan II,2003,0
573-F,3,Peralihan II,2004,2
573-F,3,Peralihan II,2005,0
573-F,3,Peralihan II,2006,0
573-F,3,Peralihan II,2007,0
573-F,3,Peralihan II,2008,0
573-F,3,Peralihan II,2009,0
573-F,3,Peralihan II,2010,0
573-F,3,Peralihan II,2011,4
573-F,3,Peralihan II,2012,0
573-F,3,Peralihan II,2013,5
573-F,3,Peralihan II,2014,0
573-F,3,Peralihan II,2015,0
573-F,3,Peralihan II,2016,0
573-F,3,Peralihan II,2017,0
573-F,3,Peralihan II,2018,0
573-F,3,Peralihan II,2019,0
573-F,3,Peralihan II,2020,0
573-F,3,Peralihan II,2021,4
573-F,3,Peralihan II,2022,0
573-F,3,Peralihan II,2023,0
573-F,3,Peralihan II,2024,1
573-F,3,Peralihan II,2025,0
