lat,lon,zona,korelasi_thd_indeks
-7.0000,104.0000,1,0.8736
-7.0000,104.5000,1,0.8808
-7.0000,105.0000,1,0.8893
-7.0000,105.5000,1,0.8707
-7.0000,106.0000,1,0.9233
-7.0000,109.0000,3,0.7378
-7.0000,109.5000,3,0.7416
-7.0000,110.0000,3,0.7501
-7.0000,110.5000,3,0.7395
-7.0000,113.0000,2,0.8299
-7.0000,113.5000,2,0.8774
-7.0000,114.0000,2,0.9428
-7.0000,114.5000,2,0.9441
-7.0000,115.0000,2,0.9123
-7.0000,115.5000,2,0.9449
-7.0000,116.0000,2,0.9378
-7.0000,116.5000,2,0.9230
-7.0000,117.0000,2,0.9002
-7.0000,117.5000,3,0.9114
-7.0000,118.0000,3,0.9245
-7.0000,118.5000,3,0.9236
-7.0000,119.0000,3,0.9353
-7.0000,119.5000,3,0.9418
-7.0000,120.0000,3,0.9404
-7.0000,120.5000,3,0.9324
-7.0000,121.0000,3,0.9096
-7.0000,121.5000,3,0.8937
-7.0000,122.0000,3,0.8610
-7.0000,122.5000,3,0.8494
-7.0000,123.0000,3,0.8301
-7.0000,123.5000,3,0.8070
-7.0000,124.0000,3,0.7776
-7.0000,124.5000,6,0.8001
-7.0000,125.0000,6,0.8174
-7.0000,125.5000,6,0.8376
-7.0000,126.0000,6,0.8609
-7.0000,126.5000,6,0.8717
-7.0000,127.0000,6,0.8654
-7.0000,127.5000,6,0.8544
-7.0000,128.0000,6,0.8484
-7.5000,104.0000,1,0.8758
-7.5000,104.5000,1,0.8839
-7.5000,105.0000,1,0.8912
-7.5000,105.5000,1,0.8972
-7.5000,106.0000,1,0.9096
-7.5000,106.5000,1,0.9353
-7.5000,107.0000,1,0.9601
-7.5000,107.5000,1,0.9583
-7.5000,113.0000,2,0.8684
-7.5000,113.5000,2,0.9287
-7.5000,114.0000,2,0.9650
-7.5000,114.5000,2,0.9468
-7.5000,115.0000,2,0.9503
-7.5000,115.5000,2,0.9600
-7.5000,116.0000,2,0.9238
-7.5000,116.5000,2,0.9233
-7.5000,117.0000,3,0.9217
-7.5000,117.5000,3,0.9410
-7.5000,118.0000,3,0.9427
-7.5000,118.5000,3,0.9476
-7.5000,119.0000,3,0.9618
-7.5000,119.5000,3,0.9707
-7.5000,120.0000,3,0.9607
-7.5000,120.5000,3,0.9543
-7.5000,121.0000,3,0.9489
-7.5000,121.5000,3,0.9386
-7.5000,122.0000,3,0.9156
-7.5000,122.5000,3,0.9100
-7.5000,123.0000,3,0.8928
-7.5000,123.5000,3,0.8774
-7.5000,124.0000,3,0.8526
-7.5000,124.5000,3,0.8222
-7.5000,125.0000,3,0.8113
-7.5000,125.5000,6,0.8367
-7.5000,126.0000,6,0.8327
-7.5000,126.5000,6,0.8449
-7.5000,127.0000,6,0.9026
-7.5000,127.5000,6,0.8812
-7.5000,128.0000,6,0.8742
-8.0000,104.0000,1,0.8756
-8.0000,104.5000,1,0.8851
-8.0000,105.0000,1,0.8926
-8.0000,105.5000,1,0.8956
-8.0000,106.0000,1,0.9023
-8.0000,106.5000,1,0.9165
-8.0000,107.0000,1,0.9370
-8.0000,107.5000,1,0.9559
-8.0000,108.0000,1,0.9687
-8.0000,108.5000,1,0.9780
-8.0000,109.0000,1,0.9809
-8.0000,109.5000,1,0.9846
-8.0000,114.5000,2,0.7089
-8.0000,115.0000,2,0.9553
-8.0000,115.5000,2,0.9440
-8.0000,116.0000,2,0.8146
-8.0000,116.5000,3,0.8895
-8.0000,117.0000,3,0.9325
-8.0000,117.5000,3,0.9477
-8.0000,118.0000,3,0.9689
-8.0000,118.5000,3,0.9708
-8.0000,119.0000,3,0.9496
-8.0000,119.5000,3,0.9694
-8.0000,120.0000,3,0.9625
-8.0000,120.5000,3,0.9662
-8.0000,121.0000,3,0.9624
-8.0000,121.5000,3,0.9586
-8.0000,122.0000,3,0.9594
-8.0000,122.5000,3,0.9548
-8.0000,123.0000,3,0.9339
-8.0000,123.5000,3,0.9210
-8.0000,124.0000,3,0.9020
-8.0000,124.5000,3,0.8602
-8.0000,125.0000,3,0.7995
-8.0000,125.5000,3,0.8041
-8.0000,126.0000,6,0.8012
-8.0000,126.5000,6,0.9088
-8.0000,127.0000,6,0.9297
-8.0000,127.5000,6,0.9151
-8.0000,128.0000,6,0.8947
-8.5000,104.0000,1,0.8736
-8.5000,104.5000,1,0.8835
-8.5000,105.0000,1,0.8906
-8.5000,105.5000,1,0.8911
-8.5000,106.0000,1,0.8972
-8.5000,106.5000,1,0.9129
-8.5000,107.0000,1,0.9281
-8.5000,107.5000,1,0.9407
-8.5000,108.0000,1,0.9492
-8.5000,108.5000,1,0.9592
-8.5000,109.0000,1,0.9683
-8.5000,109.5000,1,0.9742
-8.5000,110.0000,1,0.9797
-8.5000,110.5000,1,0.9859
-8.5000,111.0000,1,0.9904
-8.5000,111.5000,1,0.9907
-8.5000,112.0000,1,0.9895
-8.5000,112.5000,1,0.9887
-8.5000,113.0000,1,0.9793
-8.5000,113.5000,1,0.9754
-8.5000,114.0000,1,0.9718
-8.5000,114.5000,1,0.9657
-8.5000,115.5000,1,0.9506
-8.5000,116.0000,1,0.9056
-8.5000,116.5000,1,0.8033
-8.5000,117.0000,3,0.8699
-8.5000,118.0000,4,0.8462
-8.5000,119.5000,4,0.8055
-8.5000,122.5000,4,0.8529
-8.5000,123.0000,4,0.8847
-8.5000,123.5000,4,0.8668
-8.5000,124.0000,4,0.8577
-8.5000,124.5000,4,0.8438
-8.5000,125.0000,4,0.7919
-8.5000,127.5000,6,0.9705
-8.5000,128.0000,6,0.9657
-9.0000,104.0000,1,0.8695
-9.0000,104.5000,1,0.8790
-9.0000,105.0000,1,0.8863
-9.0000,105.5000,1,0.8820
-9.0000,106.0000,1,0.8864
-9.0000,106.5000,1,0.9064
-9.0000,107.0000,1,0.9213
-9.0000,107.5000,1,0.9322
-9.0000,108.0000,1,0.9418
-9.0000,108.5000,1,0.9502
-9.0000,109.0000,1,0.9577
-9.0000,109.5000,1,0.9638
-9.0000,110.0000,1,0.9692
-9.0000,110.5000,1,0.9745
-9.0000,111.0000,1,0.9786
-9.0000,111.5000,1,0.9810
-9.0000,112.0000,1,0.9824
-9.0000,112.5000,1,0.9816
-9.0000,113.0000,1,0.9779
-9.0000,113.5000,1,0.9743
-9.0000,114.0000,1,0.9720
-9.0000,114.5000,1,0.9696
-9.0000,115.0000,1,0.9679
-9.0000,115.5000,1,0.9647
-9.0000,116.0000,1,0.9653
-9.0000,116.5000,1,0.9635
-9.0000,117.0000,1,0.9534
-9.0000,117.5000,1,0.9453
-9.0000,118.0000,1,0.9422
-9.0000,118.5000,1,0.9322
-9.0000,119.0000,1,0.9058
-9.0000,119.5000,4,0.9420
-9.0000,120.0000,4,0.8929
-9.0000,120.5000,4,0.8792
-9.0000,121.0000,4,0.8822
-9.0000,121.5000,4,0.8894
-9.0000,122.0000,4,0.9070
-9.0000,122.5000,4,0.9088
-9.0000,123.0000,4,0.8670
-9.0000,123.5000,4,0.8215
-9.0000,124.0000,4,0.8623
-9.0000,124.5000,4,0.8412
-9.0000,126.0000,6,0.9309
-9.0000,126.5000,6,0.9430
-9.0000,127.0000,6,0.9575
-9.0000,127.5000,6,0.9708
-9.0000,128.0000,6,0.9693
-9.5000,104.0000,1,0.8621
-9.5000,104.5000,1,0.8719
-9.5000,105.0000,1,0.8813
-9.5000,105.5000,1,0.8659
-9.5000,106.0000,1,0.8739
-9.5000,106.5000,1,0.9008
-9.5000,107.0000,1,0.9158
-9.5000,107.5000,1,0.9261
-9.5000,108.0000,1,0.9348
-9.5000,108.5000,1,0.9423
-9.5000,109.0000,1,0.9490
-9.5000,109.5000,1,0.9555
-9.5000,110.0000,1,0.9603
-9.5000,110.5000,1,0.9639
-9.5000,111.0000,1,0.9676
-9.5000,111.5000,1,0.9706
-9.5000,112.0000,1,0.9723
-9.5000,112.5000,1,0.9724
-9.5000,113.0000,1,0.9709
-9.5000,113.5000,1,0.9687
-9.5000,114.0000,1,0.9662
-9.5000,114.5000,1,0.9633
-9.5000,115.0000,1,0.9606
-9.5000,115.5000,1,0.9573
-9.5000,116.0000,1,0.9531
-9.5000,116.5000,1,0.9477
-9.5000,117.0000,1,0.9411
-9.5000,117.5000,1,0.9339
-9.5000,118.0000,1,0.9266
-9.5000,118.5000,1,0.9164
-9.5000,119.0000,4,0.8818
-9.5000,119.5000,4,0.9118
-9.5000,120.0000,4,0.8320
-9.5000,120.5000,4,0.8121
-9.5000,121.0000,4,0.8988
-9.5000,121.5000,4,0.9562
-9.5000,122.0000,4,0.9563
-9.5000,122.5000,4,0.9506
-9.5000,123.0000,4,0.9246
-9.5000,123.5000,4,0.8230
-9.5000,124.0000,4,0.7396
-9.5000,125.5000,6,0.9512
-9.5000,126.0000,6,0.9613
-9.5000,126.5000,6,0.9634
-9.5000,127.0000,6,0.9644
-9.5000,127.5000,6,0.9643
-9.5000,128.0000,6,0.9591
-10.0000,104.0000,1,0.8516
-10.0000,104.5000,1,0.8625
-10.0000,105.0000,1,0.8730
-10.0000,105.5000,1,0.8379
-10.0000,106.0000,1,0.8639
-10.0000,106.5000,1,0.8954
-10.0000,107.0000,1,0.9088
-10.0000,107.5000,1,0.9180
-10.0000,108.0000,1,0.9260
-10.0000,108.5000,1,0.9328
-10.0000,109.0000,1,0.9388
-10.0000,109.5000,1,0.9448
-10.0000,110.0000,1,0.9499
-10.0000,110.5000,1,0.9535
-10.0000,111.0000,1,0.9562
-10.0000,111.5000,1,0.9589
-10.0000,112.0000,1,0.9607
-10.0000,112.5000,1,0.9617
-10.0000,113.0000,1,0.9614
-10.0000,113.5000,1,0.9598
-10.0000,114.0000,1,0.9579
-10.0000,114.5000,1,0.9551
-10.0000,115.0000,1,0.9510
-10.0000,115.5000,1,0.9466
-10.0000,116.0000,1,0.9411
-10.0000,116.5000,1,0.9343
-10.0000,117.0000,1,0.9258
-10.0000,117.5000,1,0.9160
-10.0000,118.0000,4,0.9164
-10.0000,118.5000,4,0.9257
-10.0000,119.0000,4,0.9250
-10.0000,119.5000,4,0.9236
-10.0000,121.0000,4,0.9143
-10.0000,121.5000,4,0.9603
-10.0000,122.0000,4,0.9544
-10.0000,122.5000,4,0.9566
-10.0000,123.0000,4,0.9611
-10.0000,123.5000,4,0.8749
-10.0000,124.5000,6,0.9214
-10.0000,125.0000,6,0.9501
-10.0000,125.5000,6,0.9574
-10.0000,126.0000,6,0.9495
-10.0000,126.5000,6,0.9446
-10.0000,127.0000,6,0.9435
-10.0000,127.5000,6,0.9402
-10.0000,128.0000,6,0.9337
-10.5000,104.0000,1,0.8384
-10.5000,104.5000,1,0.8499
-10.5000,105.0000,1,0.8620
-10.5000,105.5000,1,0.8683
-10.5000,106.0000,1,0.8737
-10.5000,106.5000,1,0.8903
-10.5000,107.0000,1,0.8998
-10.5000,107.5000,1,0.9080
-10.5000,108.0000,1,0.9156
-10.5000,108.5000,1,0.9222
-10.5000,109.0000,1,0.9279
-10.5000,109.5000,1,0.9337
-10.5000,110.0000,1,0.9386
-10.5000,110.5000,1,0.9424
-10.5000,111.0000,1,0.9458
-10.5000,111.5000,1,0.9475
-10.5000,112.0000,1,0.9490
-10.5000,112.5000,1,0.9507
-10.5000,113.0000,1,0.9505
-10.5000,113.5000,1,0.9494
-10.5000,114.0000,1,0.9480
-10.5000,114.5000,1,0.9454
-10.5000,115.0000,1,0.9416
-10.5000,115.5000,1,0.9364
-10.5000,116.0000,1,0.9298
-10.5000,116.5000,1,0.9222
-10.5000,117.0000,1,0.9131
-10.5000,117.5000,4,0.9025
-10.5000,118.0000,4,0.9159
-10.5000,118.5000,4,0.9269
-10.5000,119.0000,4,0.9358
-10.5000,119.5000,4,0.9427
-10.5000,120.0000,4,0.9457
-10.5000,120.5000,4,0.9540
-10.5000,121.0000,4,0.9623
-10.5000,121.5000,4,0.9694
-10.5000,122.0000,4,0.9507
-10.5000,122.5000,4,0.9514
-10.5000,123.0000,4,0.9121
-10.5000,123.5000,6,0.9462
-10.5000,124.0000,6,0.9542
-10.5000,124.5000,6,0.9497
-10.5000,125.0000,6,0.9278
-10.5000,125.5000,6,0.9137
-10.5000,126.0000,6,0.9063
-10.5000,126.5000,6,0.9001
-10.5000,127.0000,6,0.9007
-10.5000,127.5000,6,0.8978
-10.5000,128.0000,6,0.8910
-11.0000,104.0000,1,0.8244
-11.0000,104.5000,1,0.8347
-11.0000,105.0000,1,0.8459
-11.0000,105.5000,1,0.8574
-11.0000,106.0000,1,0.8682
-11.0000,106.5000,1,0.8778
-11.0000,107.0000,1,0.8868
-11.0000,107.5000,1,0.8956
-11.0000,108.0000,1,0.9041
-11.0000,108.5000,1,0.9108
-11.0000,109.0000,1,0.9171
-11.0000,109.5000,1,0.9229
-11.0000,110.0000,1,0.9276
-11.0000,110.5000,1,0.9318
-11.0000,111.0000,1,0.9348
-11.0000,111.5000,1,0.9368
-11.0000,112.0000,1,0.9382
-11.0000,112.5000,1,0.9395
-11.0000,113.0000,1,0.9401
-11.0000,113.5000,1,0.9395
-11.0000,114.0000,1,0.9377
-11.0000,114.5000,1,0.9350
-11.0000,115.0000,1,0.9307
-11.0000,115.5000,1,0.9253
-11.0000,116.0000,1,0.9192
-11.0000,116.5000,1,0.9112
-11.0000,117.0000,1,0.9015
-11.0000,117.5000,4,0.8950
-11.0000,118.0000,4,0.9084
-11.0000,118.5000,4,0.9205
-11.0000,119.0000,4,0.9303
-11.0000,119.5000,4,0.9386
-11.0000,120.0000,4,0.9462
-11.0000,120.5000,4,0.9529
-11.0000,121.0000,4,0.9568
-11.0000,121.5000,4,0.9575
-11.0000,122.0000,4,0.9550
-11.0000,122.5000,4,0.9484
-11.0000,123.0000,4,0.9312
-11.0000,123.5000,6,0.9109
-11.0000,124.0000,6,0.8993
-11.0000,124.5000,6,0.8912
-11.0000,125.0000,6,0.8779
-11.0000,125.5000,6,0.8711
-11.0000,126.0000,6,0.8657
-11.0000,126.5000,6,0.8608
-11.0000,127.0000,6,0.8560
-11.0000,127.5000,6,0.8472
-11.0000,128.0000,6,0.8379
-11.5000,104.0000,1,0.8100
-11.5000,104.5000,1,0.8201
-11.5000,105.0000,1,0.8298
-11.5000,105.5000,1,0.8398
-11.5000,106.0000,1,0.8508
-11.5000,106.5000,1,0.8612
-11.5000,107.0000,1,0.8717
-11.5000,107.5000,1,0.8813
-11.5000,108.0000,1,0.8899
-11.5000,108.5000,1,0.8976
-11.5000,109.0000,1,0.9043
-11.5000,109.5000,1,0.9103
-11.5000,110.0000,1,0.9158
-11.5000,110.5000,1,0.9201
-11.5000,111.0000,1,0.9232
-11.5000,111.5000,1,0.9253
-11.5000,112.0000,1,0.9267
-11.5000,112.5000,1,0.9283
-11.5000,113.0000,1,0.9290
-11.5000,113.5000,1,0.9283
-11.5000,114.0000,1,0.9268
-11.5000,114.5000,1,0.9238
-11.5000,115.0000,1,0.9194
-11.5000,115.5000,1,0.9142
-11.5000,116.0000,1,0.9077
-11.5000,116.5000,1,0.8995
-11.5000,117.0000,1,0.8896
-11.5000,117.5000,4,0.8839
-11.5000,118.0000,4,0.8977
-11.5000,118.5000,4,0.9101
-11.5000,119.0000,4,0.9202
-11.5000,119.5000,4,0.9286
-11.5000,120.0000,4,0.9348
-11.5000,120.5000,4,0.9390
-11.5000,121.0000,4,0.9414
-11.5000,121.5000,4,0.9400
-11.5000,122.0000,4,0.9340
-11.5000,122.5000,4,0.9229
-11.5000,123.0000,4,0.9014
-11.5000,123.5000,4,0.8550
-11.5000,124.0000,6,0.8381
-11.5000,124.5000,6,0.8349
-11.5000,125.0000,5,0.8324
-11.5000,125.5000,5,0.8486
-11.5000,126.0000,5,0.8597
-11.5000,126.5000,5,0.8665
-11.5000,127.0000,5,0.8686
-11.5000,127.5000,5,0.8672
-11.5000,128.0000,5,0.8637
-12.0000,104.0000,1,0.7952
-12.0000,104.5000,1,0.8053
-12.0000,105.0000,1,0.8142
-12.0000,105.5000,1,0.8223
-12.0000,106.0000,1,0.8324
-12.0000,106.5000,1,0.8434
-12.0000,107.0000,1,0.8546
-12.0000,107.5000,1,0.8648
-12.0000,108.0000,1,0.8742
-12.0000,108.5000,1,0.8825
-12.0000,109.0000,1,0.8900
-12.0000,109.5000,1,0.8967
-12.0000,110.0000,1,0.9028
-12.0000,110.5000,1,0.9078
-12.0000,111.0000,1,0.9114
-12.0000,111.5000,1,0.9140
-12.0000,112.0000,1,0.9158
-12.0000,112.5000,1,0.9173
-12.0000,113.0000,1,0.9178
-12.0000,113.5000,1,0.9170
-12.0000,114.0000,1,0.9148
-12.0000,114.5000,1,0.9113
-12.0000,115.0000,1,0.9069
-12.0000,115.5000,1,0.9018
-12.0000,116.0000,1,0.8956
-12.0000,116.5000,1,0.8876
-12.0000,117.0000,1,0.8780
-12.0000,117.5000,4,0.8702
-12.0000,118.0000,4,0.8838
-12.0000,118.5000,4,0.8963
-12.0000,119.0000,4,0.9066
-12.0000,119.5000,4,0.9143
-12.0000,120.0000,4,0.9194
-12.0000,120.5000,4,0.9220
-12.0000,121.0000,4,0.9229
-12.0000,121.5000,4,0.9205
-12.0000,122.0000,4,0.9129
-12.0000,122.5000,4,0.8990
-12.0000,123.0000,4,0.8618
-12.0000,123.5000,4,0.8129
-12.0000,124.0000,5,0.8191
-12.0000,124.5000,5,0.8386
-12.0000,125.0000,5,0.8588
-12.0000,125.5000,5,0.8761
-12.0000,126.0000,5,0.8891
-12.0000,126.5000,5,0.8992
-12.0000,127.0000,5,0.9045
-12.0000,127.5000,5,0.9051
-12.0000,128.0000,5,0.9014
-12.5000,104.0000,1,0.7793
-12.5000,104.5000,1,0.7896
-12.5000,105.0000,1,0.7985
-12.5000,105.5000,1,0.8077
-12.5000,106.0000,1,0.8179
-12.5000,106.5000,1,0.8269
-12.5000,107.0000,1,0.8376
-12.5000,107.5000,1,0.8481
-12.5000,108.0000,1,0.8573
-12.5000,108.5000,1,0.8655
-12.5000,109.0000,1,0.8738
-12.5000,109.5000,1,0.8813
-12.5000,110.0000,1,0.8881
-12.5000,110.5000,1,0.8937
-12.5000,111.0000,1,0.8978
-12.5000,111.5000,1,0.9010
-12.5000,112.0000,1,0.9036
-12.5000,112.5000,1,0.9051
-12.5000,113.0000,1,0.9056
-12.5000,113.5000,1,0.9049
-12.5000,114.0000,1,0.9024
-12.5000,114.5000,1,0.8982
-12.5000,115.0000,1,0.8927
-12.5000,115.5000,1,0.8881
-12.5000,116.0000,1,0.8825
-12.5000,116.5000,1,0.8749
-12.5000,117.0000,1,0.8654
-12.5000,117.5000,4,0.8541
-12.5000,118.0000,4,0.8679
-12.5000,118.5000,4,0.8801
-12.5000,119.0000,4,0.8900
-12.5000,119.5000,4,0.8971
-12.5000,120.0000,4,0.9015
-12.5000,120.5000,4,0.9030
-12.5000,121.0000,4,0.9023
-12.5000,121.5000,4,0.8980
-12.5000,122.0000,4,0.8861
-12.5000,122.5000,4,0.8659
-12.5000,123.0000,4,0.8349
-12.5000,123.5000,4,0.8015
-12.5000,124.0000,5,0.8311
-12.5000,124.5000,5,0.8572
-12.5000,125.0000,5,0.8798
-12.5000,125.5000,5,0.8994
-12.5000,126.0000,5,0.9155
-12.5000,126.5000,5,0.9266
-12.5000,127.0000,5,0.9332
-12.5000,127.5000,5,0.9348
-12.5000,128.0000,5,0.9309
-13.0000,104.0000,1,0.7626
-13.0000,104.5000,1,0.7729
-13.0000,105.0000,1,0.7818
-13.0000,105.5000,1,0.7921
-13.0000,106.0000,1,0.8036
-13.0000,106.5000,1,0.8126
-13.0000,107.0000,1,0.8213
-13.0000,107.5000,1,0.8304
-13.0000,108.0000,1,0.8394
-13.0000,108.5000,1,0.8482
-13.0000,109.0000,1,0.8567
-13.0000,109.5000,1,0.8648
-13.0000,110.0000,1,0.8718
-13.0000,110.5000,1,0.8782
-13.0000,111.0000,1,0.8830
-13.0000,111.5000,1,0.8866
-13.0000,112.0000,1,0.8891
-13.0000,112.5000,1,0.8903
-13.0000,113.0000,1,0.8911
-13.0000,113.5000,1,0.8904
-13.0000,114.0000,1,0.8883
-13.0000,114.5000,1,0.8842
-13.0000,115.0000,1,0.8795
-13.0000,115.5000,1,0.8759
-13.0000,116.0000,1,0.8704
-13.0000,116.5000,1,0.8623
-13.0000,117.0000,1,0.8522
-13.0000,117.5000,1,0.8399
-13.0000,118.0000,4,0.8503
-13.0000,118.5000,4,0.8619
-13.0000,119.0000,4,0.8708
-13.0000,119.5000,4,0.8767
-13.0000,120.0000,4,0.8803
-13.0000,120.5000,4,0.8806
-13.0000,121.0000,4,0.8775
-13.0000,121.5000,4,0.8703
-13.0000,122.0000,4,0.8505
-13.0000,122.5000,4,0.8217
-13.0000,123.0000,4,0.7945
-13.0000,123.5000,5,0.8102
-13.0000,124.0000,5,0.8397
-13.0000,124.5000,5,0.8692
-13.0000,125.0000,5,0.8961
-13.0000,125.5000,5,0.9192
-13.0000,126.0000,5,0.9373
-13.0000,126.5000,5,0.9487
-13.0000,127.0000,5,0.9550
-13.0000,127.5000,5,0.9568
-13.0000,128.0000,5,0.9524
-13.5000,104.0000,1,0.7460
-13.5000,104.5000,1,0.7558
-13.5000,105.0000,1,0.7652
-13.5000,105.5000,1,0.7756
-13.5000,106.0000,1,0.7863
-13.5000,106.5000,1,0.7969
-13.5000,107.0000,1,0.8065
-13.5000,107.5000,1,0.8153
-13.5000,108.0000,1,0.8238
-13.5000,108.5000,1,0.8317
-13.5000,109.0000,1,0.8395
-13.5000,109.5000,1,0.8474
-13.5000,110.0000,1,0.8547
-13.5000,110.5000,1,0.8611
-13.5000,111.0000,1,0.8667
-13.5000,111.5000,1,0.8708
-13.5000,112.0000,1,0.8728
-13.5000,112.5000,1,0.8734
-13.5000,113.0000,1,0.8740
-13.5000,113.5000,1,0.8741
-13.5000,114.0000,1,0.8719
-13.5000,114.5000,1,0.8680
-13.5000,115.0000,1,0.8648
-13.5000,115.5000,1,0.8619
-13.5000,116.0000,1,0.8565
-13.5000,116.5000,1,0.8491
-13.5000,117.0000,1,0.8386
-13.5000,117.5000,1,0.8258
-13.5000,118.0000,4,0.8318
-13.5000,118.5000,4,0.8425
-13.5000,119.0000,4,0.8498
-13.5000,119.5000,4,0.8542
-13.5000,120.0000,4,0.8562
-13.5000,120.5000,4,0.8543
-13.5000,121.0000,4,0.8487
-13.5000,121.5000,4,0.8372
-13.5000,122.0000,4,0.7925
-13.5000,122.5000,4,0.7634
-13.5000,123.0000,5,0.7813
-13.5000,123.5000,5,0.8102
-13.5000,124.0000,5,0.8407
-13.5000,124.5000,5,0.8719
-13.5000,125.0000,5,0.9012
-13.5000,125.5000,5,0.9266
-13.5000,126.0000,5,0.9574
-13.5000,126.5000,5,0.9659
-13.5000,127.0000,5,0.9592
-13.5000,127.5000,5,0.9639
-13.5000,128.0000,5,0.9654
-14.0000,104.0000,1,0.7297
-14.0000,104.5000,1,0.7399
-14.0000,105.0000,1,0.7493
-14.0000,105.5000,1,0.7590
-14.0000,106.0000,1,0.7692
-14.0000,106.5000,1,0.7793
-14.0000,107.0000,1,0.7898
-14.0000,107.5000,1,0.7987
-14.0000,108.0000,1,0.8066
-14.0000,108.5000,1,0.8143
-14.0000,109.0000,1,0.8217
-14.0000,109.5000,1,0.8289
-14.0000,110.0000,1,0.8374
-14.0000,110.5000,1,0.8448
-14.0000,111.0000,1,0.8510
-14.0000,111.5000,1,0.8553
-14.0000,112.0000,1,0.8566
-14.0000,112.5000,1,0.8560
-14.0000,113.0000,1,0.8563
-14.0000,113.5000,1,0.8557
-14.0000,114.0000,1,0.8532
-14.0000,114.5000,1,0.8508
-14.0000,115.0000,1,0.8474
-14.0000,115.5000,1,0.8448
-14.0000,116.0000,1,0.8410
-14.0000,116.5000,1,0.8345
-14.0000,117.0000,1,0.8245
-14.0000,117.5000,1,0.8103
-14.0000,118.0000,4,0.8120
-14.0000,118.5000,4,0.8211
-14.0000,119.0000,4,0.8270
-14.0000,119.5000,4,0.8294
-14.0000,120.0000,4,0.8300
-14.0000,120.5000,4,0.8253
-14.0000,121.0000,4,0.8158
-14.0000,121.5000,4,0.7955
-14.0000,122.0000,4,0.7451
-14.0000,122.5000,4,0.7382
-14.0000,123.0000,5,0.7557
-14.0000,123.5000,5,0.7974
-14.0000,124.0000,5,0.8307
-14.0000,124.5000,5,0.8629
-14.0000,125.0000,5,0.8939
-14.0000,125.5000,5,0.9337
-14.0000,126.0000,5,0.9394
-14.0000,126.5000,5,0.9314
-14.0000,127.5000,5,0.9242
-14.0000,128.0000,5,0.9473
-14.5000,104.0000,1,0.7148
-14.5000,104.5000,1,0.7246
-14.5000,105.0000,1,0.7344
-14.5000,105.5000,1,0.7445
-14.5000,106.0000,1,0.7543
-14.5000,106.5000,1,0.7641
-14.5000,107.0000,1,0.7730
-14.5000,107.5000,1,0.7804
-14.5000,108.0000,1,0.7878
-14.5000,108.5000,1,0.7959
-14.5000,109.0000,1,0.8034
-14.5000,109.5000,1,0.8102
-14.5000,110.0000,1,0.8195
-14.5000,110.5000,1,0.8264
-14.5000,111.0000,1,0.8319
-14.5000,111.5000,1,0.8371
-14.5000,112.0000,1,0.8391
-14.5000,112.5000,1,0.8394
-14.5000,113.0000,1,0.8390
-14.5000,113.5000,1,0.8372
-14.5000,114.0000,1,0.8350
-14.5000,114.5000,1,0.8338
-14.5000,115.0000,1,0.8315
-14.5000,115.5000,1,0.8305
-14.5000,116.0000,1,0.8265
-14.5000,116.5000,1,0.8201
-14.5000,117.0000,1,0.8085
-14.5000,117.5000,1,0.7927
-14.5000,118.0000,4,0.7900
-14.5000,118.5000,4,0.7964
-14.5000,119.0000,4,0.7999
-14.5000,119.5000,4,0.7999
-14.5000,120.0000,4,0.7979
-14.5000,120.5000,4,0.7907
-14.5000,121.0000,4,0.7781
-14.5000,121.5000,4,0.7612
-14.5000,122.0000,4,0.7426
-14.5000,122.5000,4,0.7163
-14.5000,123.0000,5,0.7195
-14.5000,123.5000,5,0.7595
-14.5000,124.0000,5,0.7981
-14.5000,124.5000,5,0.8323
-14.5000,125.0000,5,0.8785
-14.5000,125.5000,5,0.8790
-14.5000,126.0000,5,0.8614
-14.5000,128.0000,5,0.9097
-15.0000,104.0000,1,0.7006
-15.0000,104.5000,1,0.7104
-15.0000,105.0000,1,0.7191
-15.0000,105.5000,1,0.7284
-15.0000,106.0000,1,0.7389
-15.0000,106.5000,1,0.7480
-15.0000,107.0000,1,0.7560
-15.0000,107.5000,1,0.7646
-15.0000,108.0000,1,0.7703
-15.0000,108.5000,1,0.7784
-15.0000,109.0000,1,0.7859
-15.0000,109.5000,1,0.7913
-15.0000,110.0000,1,0.8002
-15.0000,110.5000,1,0.8068
-15.0000,111.0000,1,0.8109
-15.0000,111.5000,1,0.8161
-15.0000,112.0000,1,0.8195
-15.0000,112.5000,1,0.8224
-15.0000,113.0000,1,0.8245
-15.0000,113.5000,1,0.8240
-15.0000,114.0000,1,0.8209
-15.0000,114.5000,1,0.8188
-15.0000,115.0000,1,0.8171
-15.0000,115.5000,1,0.8154
-15.0000,116.0000,1,0.8103
-15.0000,116.5000,1,0.8021
-15.0000,117.0000,1,0.7891
-15.0000,117.5000,1,0.7709
-15.0000,118.0000,4,0.7676
-15.0000,118.5000,4,0.7722
-15.0000,119.0000,4,0.7729
-15.0000,119.5000,4,0.7690
-15.0000,120.0000,4,0.7618
-15.0000,120.5000,4,0.7509
-15.0000,121.0000,4,0.7339
-15.0000,121.5000,4,0.7102
-15.0000,122.0000,4,0.6795
-15.0000,122.5000,5,0.6631
-15.0000,123.0000,5,0.6959
-15.0000,123.5000,5,0.7323
-15.0000,124.0000,5,0.7682
-15.0000,124.5000,5,0.8057
-15.0000,125.0000,5,0.7925
-15.0000,128.0000,5,0.6495
