zona,tier,musim,cacah,phi_dipakai,lambda_musim,massa,E_W,sd_W,E_W_data,sd_W_data,f,E_payout,p_bayar,W_q99,dijual,premi_musim
573-A,1,Barat,Poisson,1.0,1.7565316323176143,1.0,5.590860777447987,4.907384658313337,5.25,2.9672121302810415,2,3.96904379404795,0.6723298862133722,20,True,861282.5033084052
573-A,1,Barat,Binomial,0.40453686200378075,1.7565316323176143,1.0,5.590860777447988,3.6963742740303838,5.25,2.9672121302810415,3,3.0133969921188477,0.6677693864792301,15,True,653907.14728979
573-A,1,Peralihan I,Poisson,1.0,2.9222166125932647,1.0,9.301117009204214,6.329629883377253,8.48,5.3003144560802555,4,5.670698762823376,0.7497926258141594,28,True,1230541.6315326726
573-A,1,Peralihan I,Binomial,0.6747685185185186,2.9222166125932647,1.0000000000000004,9.301117009204217,5.518324549736016,8.48,5.3003144560802555,5,4.812948709386157,0.7279247981368963,24,True,1044409.8699367961
573-A,1,Timur,Poisson,1.0,7.956327897291126,0.9999999999999999,25.324179055510943,10.444278641895716,27.16,5.734980383575867,18,7.841479932689221,0.7255619074742186,53,True,1701601.1453935609
573-A,1,Timur,Binomial,0.4323979591836735,7.956327897291126,1.0000000000000022,25.324179055511,7.9545465169218605,27.16,5.734980383575867,20,6.284236419659239,0.71495419999821,45,True,1363679.3030660548
573-A,1,Peralihan II,Poisson,1.0,4.187420792535839,1.0,13.328132688831412,7.576967351042063,12.64,5.211205874523349,8,5.9952672558476445,0.7115530566996674,34,True,1300972.994518939
573-A,1,Peralihan II,Binomial,0.5165094339622641,4.187420792535839,0.9999999999999996,13.328132688831404,6.137813464977395,12.64,5.211205874523349,9,5.054052370055707,0.7125833055382701,29,True,1096729.3643020885
573-A,2,Barat,Poisson,1.0,0.9962683859611946,0.9999999999999998,2.9566674680138663,3.4286975594738727,3.1666666666666665,3.4473262060638374,0,2.9549768293646625,0.6307452102021436,14,True,1976879.4988449593
573-A,2,Barat,Binomial,0.791304347826087,0.9962683859611946,1.0,2.956667468013867,3.163477588202544,3.1666666666666665,3.4473262060638374,0,2.956427327967155,0.6707886763995884,13,True,1977849.8824100266
573-A,2,Peralihan I,Poisson,1.0,1.8779257851196585,0.9999999999999996,5.573199104226077,4.707390387933848,5.4,4.272001872658766,2,3.915505363036101,0.6854489815502182,20,True,2619473.0878711515
573-A,2,Peralihan I,Binomial,0.7777777777777778,1.8779257851196585,0.9999999999999993,5.573199104226077,4.275155638394194,5.4,4.272001872658766,2,3.8544365510058585,0.7187700035816942,18,True,2578618.0526229194
573-A,2,Timur,Poisson,1.0,6.71945002264619,0.9999999999999988,19.941593615595114,8.90446574855703,19.16,6.209401474108971,13,7.402776160606498,0.7497496794116169,44,True,4952457.251445747
573-A,2,Timur,Binomial,0.3721881390593048,6.71945002264619,0.9999999999999984,19.941593615595107,6.567948738934175,19.16,6.209401474108971,15,5.668994541629294,0.7387530058821211,37,True,3792557.348349998
573-A,2,Peralihan II,Poisson,1.0,2.79414772390293,0.9999999999999994,8.292309374163526,5.742033014713045,8.96,5.442732157045149,4,4.780853817994081,0.7096735096402808,25,True,3198391.2042380404
573-A,2,Peralihan II,Binomial,0.39726027397260266,2.79414772390293,0.9999999999999994,8.29230937416353,4.383886881602498,8.96,5.442732157045149,5,3.7664150118233173,0.7127498134268688,20,True,2519731.6429097992
573-A,3,Barat,Poisson,1.0,0.503232308678642,0.9999999999999999,1.1649827945910562,1.8828891668499856,1.0416666666666667,1.7810394294555532,0,1.1649793678120208,0.39542666955228156,8,False,780536.1764340539
573-A,3,Barat,Binomial,0.9598662207357862,0.503232308678642,1.0000000000000002,1.1649827945910565,1.8549589686243788,1.0416666666666667,1.7810394294555532,0,1.1649812125374717,0.40144167497226874,8,False,780537.412400106
573-A,3,Peralihan I,Poisson,1.0,1.1232853824262925,1.0,2.6004056603168673,2.813102472216971,2.44,2.3108440016582685,0,2.600225721947443,0.674790400317827,12,False,1742151.233704787
573-A,3,Peralihan I,Binomial,0.8390804597701151,1.1232853824262925,1.0000000000000002,2.6004056603168677,2.6358167353415096,2.44,2.3108440016582685,0,2.6003780881091396,0.7060618690211466,11,False,1742253.3190331236
573-A,3,Timur,Poisson,1.0,4.582147370633468,1.0000000000000002,10.607671163016478,5.681657172525707,10.24,4.323193264243457,6,5.067367907196389,0.7459235679584728,26,False,3395136.4978215806
573-A,3,Timur,Binomial,0.6818181818181818,4.582147370633468,0.9999999999999991,10.607671163016468,4.923808831026244,10.24,4.323193264243457,7,4.1555603005616035,0.7154557423055301,24,False,2784225.4013762744
573-A,3,Peralihan II,Poisson,1.0,1.7833940725764648,1.0,4.128557278014516,3.5445749027635447,4.64,4.433583952815901,1,3.2954550066325012,0.748009065100401,15,False,2207954.854443776
573-A,3,Peralihan II,Binomial,1.0,1.7833940725764648,1.0000000000584601,4.128557278255872,3.544573554523696,4.64,4.433583952815901,1,3.2954548646958246,0.7480092059195583,15,False,2207954.7593462025
573-D,1,Barat,Poisson,1.0,2.5748761772768387,0.9999999999999997,9.134337276931799,6.67778613397907,11.208333333333334,3.9118456298637425,4,5.603913916415597,0.7175024498673942,28,False,1272088.4590263406
573-D,1,Barat,Binomial,0.5454545454545454,2.5748761772768387,0.999999999999999,9.13433727693179,5.539567498433928,11.208333333333334,3.9118456298637425,5,4.72490783624615,0.7166917426125192,24,False,1072554.078827876
573-D,1,Peralihan I,Poisson,1.0,2.5198950442009407,0.9999999999999998,8.93929247523797,6.6061062987432795,8.04,5.608624311421354,4,5.444939057907938,0.707929306408093,28,False,1236001.166145102
573-D,1,Peralihan I,Binomial,0.7375621890547264,2.5198950442009407,0.9999999999999998,8.93929247523797,5.970724029337734,8.04,5.608624311421354,4,5.384136440482306,0.7384705906975905,25,False,1222198.9719894836
573-D,1,Timur,Poisson,1.0,7.11582884582192,0.9999999999999994,25.2433034474688,11.101127181695507,25.8,7.947746011710909,17,8.43710962290171,0.7408279200726184,55,False,1915223.884398688
573-D,1,Timur,Binomial,0.6216085271317829,7.11582884582192,1.0000000000000004,25.243303447468826,9.470844736509697,25.8,7.947746011710909,18,7.805598277763919,0.7492155286719028,50,False,1771870.8090524096
573-D,1,Peralihan II,Poisson,1.0,2.069802116064355,0.9999999999999999,7.342594098887515,5.987130779509241,5.92,4.707440918375928,2,5.561255654652037,0.7473959414691007,25,False,1262405.0336060124
573-D,1,Peralihan II,Binomial,0.7179487179487178,2.069802116064355,1.0000000000000004,7.342594098887518,5.305071114315471,5.92,4.707440918375928,3,4.752271025154435,0.7208960667016255,22,False,1078765.5227100567
573-D,2,Barat,Poisson,1.0,2.1121263613216685,1.0000000000000002,6.358004951145774,5.218637312841393,8.75,3.969996166902103,2,4.6318191365069445,0.7249323717652701,22,False,1945364.0373329166
573-D,2,Barat,Binomial,0.5110746513535684,2.1121263613216685,0.9999999999999996,6.3580049511457695,4.138613132835912,8.75,3.969996166902103,3,3.7030887783655517,0.7161522322940996,18,False,1555297.2869135318
573-D,2,Peralihan I,Poisson,1.0,1.6608555949105048,1.0,4.999572132119677,4.6276776908969754,4.92,3.604626656580863,1,4.174059560737146,0.7324888931749105,19,False,1753105.0155096014
573-D,2,Peralihan I,Binomial,0.8293650793650794,1.6608555949105048,1.000000000000001,4.999572132119681,4.34923311175646,4.92,3.604626656580863,2,3.3998707096591323,0.6451662310601745,18,False,1427945.6980568354
573-D,2,Timur,Poisson,1.0,6.400730132228825,1.0000000000000007,19.267726882682002,9.084727919078675,18.24,6.685057965343307,13,6.946807905862562,0.7149864899017047,44,False,2917659.3204622758
573-D,2,Timur,Binomial,0.8854166666666666,6.400730132228825,1.000000000000002,19.267726882682023,8.712227098760263,18.24,6.685057965343307,13,6.923534614668462,0.7264453342512611,43,False,2907884.538160754
573-D,2,Peralihan II,Poisson,1.0,1.5050003307457651,1.0,4.530410551937764,4.405198313673302,3.44,3.742548151549512,1,3.74220712275028,0.6958742769042047,18,False,1571726.9915551175
573-D,2,Peralihan II,Binomial,0.8513513513513513,1.5050003307457651,1.0000000000000002,4.5304105519377655,4.165730452859282,3.44,3.742548151549512,1,3.721508330731054,0.7190743838683676,17,False,1563033.4989070427
573-D,3,Barat,Poisson,1.0,1.6595843656788367,1.0000000000000002,4.566371527382981,4.290256324328185,6.333333333333333,4.00723982492847,1,3.7481730416679326,0.7102940435346599,18,False,
573-D,3,Barat,Binomial,0.7080745341614907,1.6595843656788367,1.0,4.566371527382981,3.8640662314142165,6.333333333333333,4.00723982492847,2,2.9556648687933738,0.630202092300949,16,False,
573-D,3,Peralihan I,Poisson,1.0,0.8768992458042826,1.0,2.4128015611826923,3.118590998688677,2.16,2.4610295948376297,0,2.411942937491901,0.5839289524003679,13,False,
573-D,3,Peralihan I,Binomial,0.5634920634920636,0.8768992458042826,1.0,2.4128015611826914,2.6105179812212023,2.16,2.4610295948376297,0,2.4128015611826914,0.6846611739812525,10,False,
573-D,3,Timur,Poisson,1.0,3.3196708790002374,1.0,9.134124721612773,6.067797617812405,8.28,4.296510211788167,5,4.752793417113867,0.6863767199681385,27,False,
573-D,3,Timur,Binomial,0.865079365079365,3.3196708790002374,1.0000000000000016,9.134124721612787,5.7862663742287825,8.28,4.296510211788167,5,4.706216057252229,0.6999126469735986,26,False,
573-D,3,Peralihan II,Poisson,1.0,0.7173420192417984,0.9999999999999999,1.9737774347622814,2.8206338157407003,1.36,2.5311394008759507,0,1.9734024549040765,0.5119522449665808,12,False,
573-D,3,Peralihan II,Binomial,0.9460784313725489,0.7173420192417984,1.0000000000000002,1.9737774347622816,2.767001699014275,1.36,2.5311394008759507,0,1.9735599440725702,0.5218798091734909,11,False,
573-F,1,Barat,Poisson,1.0,1.952461892686114,1.0000000000000002,7.401776757160543,6.088650417865148,7.416666666666667,4.652410938022552,3,4.9178101156364695,0.69052501156407,25,True,1116342.8962494787
573-F,1,Barat,Binomial,0.5856777493606139,1.952461892686114,1.0000000000000004,7.401776757160544,5.110225443011399,7.416666666666667,4.652410938022552,3,4.800820903938513,0.7448347801982593,21,True,1089786.3451940424
573-F,1,Peralihan I,Poisson,1.0,2.8265203585082816,0.9999999999999998,10.715329590614997,7.3258127775737165,10.08,4.812483766206387,5,6.181762831571844,0.737974176938183,32,True,1403260.1627668086
573-F,1,Peralihan I,Binomial,0.6068075117370892,2.8265203585082816,1.0000000000000004,10.715329590615001,6.104499999753429,10.08,4.812483766206387,6,5.326001279190576,0.7407864206770964,27,True,1209002.2903762609
573-F,1,Timur,Poisson,1.0,6.881297067101383,1.0000000000000002,26.08697505502422,11.430491627502757,27.44,6.570641774844625,18,8.373668757996182,0.7290156273354845,57,True,1900822.8080651332
573-F,1,Timur,Binomial,0.2218992248062016,6.881297067101383,1.0000000000000002,26.08697505502422,7.419006987283376,27.44,6.570641774844625,21,6.0674487567150015,0.7235205779338862,44,True,1377310.8677743054
573-F,1,Peralihan II,Poisson,1.0,0.7479642782243094,0.9999999999999999,2.8355301737185243,3.768514450937903,2.24,2.7123175821917807,0,2.83153479759331,0.5266708609349184,15,True,642758.3990536814
573-F,1,Peralihan II,Binomial,0.6354166666666667,0.7479642782243094,1.0,2.8355301737185235,3.1908596778758076,2.24,2.7123175821917807,0,2.8355301737185235,0.6081016378494064,12,True,643665.3494341049
573-F,2,Barat,Poisson,1.0,1.5966326027770776,1.0,5.311632084041853,4.885465343749618,5.458333333333333,4.170071072970242,1,4.491661366614622,0.7312060206260078,20,False,1886497.7739781411
573-F,2,Barat,Binomial,0.5334040296924708,1.5966326027770776,0.9999999999999999,5.311632084041853,3.8030636544200767,5.458333333333333,4.170071072970242,2,3.587889363974202,0.7392950729032406,15,False,1506913.5328691648
573-F,2,Peralihan I,Poisson,1.0,2.205845125527978,1.0,7.338343035713154,5.74236704658931,6.96,4.188078318274385,3,4.780619887742101,0.702778581452662,24,False,2007860.3528516823
573-F,2,Peralihan I,Binomial,0.5628930817610063,2.205845125527978,1.0,7.338343035713154,4.712167611173745,6.96,4.188078318274385,4,3.8784376476047755,0.6862624821148389,20,False,1628943.8119940057
573-F,2,Timur,Poisson,1.0,5.820916388405379,0.9999999999999998,19.364859638592694,9.32822731865834,19.96,6.187891401761993,13,7.051115559475855,0.7130210681858039,45,False,2961468.5349798594
573-F,2,Timur,Binomial,0.3085585585585585,5.820916388405379,1.0000000000000004,19.364859638592705,6.3357005378856215,19.96,6.187891401761993,15,5.204261115635778,0.7164650089951405,35,False,2185789.668567027
573-F,2,Peralihan II,Poisson,1.0,0.51735649854278,1.0,1.7211269341285393,2.780983387622448,1.4,1.9790570145063193,0,1.7207757695694221,0.403905756978747,11,False,722725.8232191573
573-F,2,Peralihan II,Binomial,0.5833333333333335,0.51735649854278,1.0,1.7211269341285398,2.1843970973358577,1.4,1.9790570145063193,0,1.7211269341285398,0.51735649854278,7,False,722873.3123339867
573-F,3,Barat,Poisson,1.0,0.8944241258608975,0.9999999999999999,2.4652564969040984,3.0745641935390386,2.5,2.919201796799047,0,2.4645634140335435,0.5911570270435675,13,False,
573-F,3,Barat,Binomial,0.8458498023715416,0.8944241258608975,1.0000000000000004,2.4652564969041,2.90517298066817,2.5,2.919201796799047,0,2.465096222911315,0.6203696672949814,12,False,
573-F,3,Peralihan I,Poisson,1.0,1.3878683045288662,1.0,3.825312014357687,3.8298868316817747,3.68,2.8682166352398606,1,3.0719356095211174,0.6572924253349842,16,False,
573-F,3,Peralihan I,Binomial,0.48737373737373735,1.3878683045288662,1.0,3.8253120143576878,3.128955492560794,3.68,2.8682166352398606,1,2.9804927425541843,0.7371094631779012,13,False,
573-F,3,Timur,Poisson,1.0,3.877670294231214,0.9999999999999998,10.687828748474782,6.401728510500595,10.84,5.120872321522314,6,5.263001259659804,0.7161278147535931,29,False,
573-F,3,Timur,Binomial,0.8097643097643099,3.877670294231214,0.9999999999999978,10.687828748474757,5.93890930679364,10.84,5.120872321522314,6,5.19461056936586,0.7379458039053821,27,False,
573-F,3,Peralihan II,Poisson,1.0,0.2243997652259125,1.0,0.6185018529039212,1.5400081229433054,0.64,1.468559384794046,0,0.6184992646823543,0.20100434016424212,7,False,
573-F,3,Peralihan II,Binomial,0.8333333333333335,0.2243997652259125,0.9999999999999999,0.6185018529039212,1.4103476439111666,0.64,1.468559384794046,0,0.6185018529039212,0.22439976522591248,7,False,
