struktur,harga,lam,zona,tier,premi_murni,bruto_A ketat,bruto_B ramah
S0 tanpa reasuransi,wang,0.3,573-A,1,4144192.22,6035771.9975,5358644.055058824
S0 tanpa reasuransi,wang,0.3,573-A,2,10829805.45,15804493.631249998,14021269.556470588
S0 tanpa reasuransi,wang,0.3,573-F,1,4321598.76,5461419.1049999995,5117789.028705882
S1 quota share 50%,wang,0.2,573-A,1,4144192.22,5875447.950921069,5368792.100161007
S1 quota share 50%,wang,0.2,573-A,2,10829805.45,15363627.850248665,14033111.046116391
S1 quota share 50%,wang,0.2,573-F,1,4321598.76,5455892.643304086,5123772.71746267
S2 XoL agregat 1.5->50 thn,wang,0.2,573-A,1,4144192.22,5874126.66728602,5408993.20658985
S2 XoL agregat 1.5->50 thn,wang,0.2,573-A,2,10829805.45,15363592.382756475,14141882.521608545
S2 XoL agregat 1.5->50 thn,wang,0.2,573-F,1,4321598.76,5508487.204383351,5230632.941506244
S2 XoL agregat 1.5->100 thn,wang,0.2,573-A,1,4144192.22,5798125.247443786,5368988.279005692
S2 XoL agregat 1.5->100 thn,wang,0.2,573-A,2,10829805.45,15163270.927402018,14036422.457131658
S2 XoL agregat 1.5->100 thn,wang,0.2,573-F,1,4321598.76,5475496.311757823,5213362.507738044
S2 XoL agregat 1.5->200 thn,wang,0.2,573-A,1,4144192.22,5727294.282879905,5330449.921198106
S2 XoL agregat 1.5->200 thn,wang,0.2,573-A,2,10829805.45,14976617.103239065,13934864.790995615
S2 XoL agregat 1.5->200 thn,wang,0.2,573-F,1,4321598.76,5444528.332529934,5196522.359188986
S2 XoL agregat 1.5->500 thn,wang,0.2,573-A,1,4144192.22,5642082.737957292,5283171.039423577
S2 XoL agregat 1.5->500 thn,wang,0.2,573-A,2,10829805.45,14740706.34137718,13803868.127069382
S2 XoL agregat 1.5->500 thn,wang,0.2,573-F,1,4321598.76,5458975.524898951,5205039.944153993
S2 XoL agregat 1.5->inf thn,wang,0.2,573-A,1,4144192.22,5635630.750860828,5280170.560926712
S2 XoL agregat 1.5->inf thn,wang,0.2,573-A,2,10829805.45,14721775.616446653,13794892.415308135
S2 XoL agregat 1.5->inf thn,wang,0.2,573-F,1,4321598.76,5462355.182663258,5207213.343810847
S2 XoL agregat 2->50 thn,wang,0.2,573-A,1,4144192.22,5839177.846965197,5357577.8058122825
S2 XoL agregat 2->50 thn,wang,0.2,573-A,2,10829805.45,15275947.650280721,14009804.221185949
S2 XoL agregat 2->50 thn,wang,0.2,573-F,1,4321598.76,5450585.272167201,5178045.352088219
S2 XoL agregat 2->100 thn,wang,0.2,573-A,1,4144192.22,5763176.4271229645,5317572.878228126
S2 XoL agregat 2->100 thn,wang,0.2,573-A,2,10829805.45,15075626.194926264,13904344.156709062
S2 XoL agregat 2->100 thn,wang,0.2,573-F,1,4321598.76,5417594.379541675,5160774.918320018
S2 XoL agregat 2->200 thn,wang,0.2,573-A,1,4144192.22,5692345.462559083,5279034.520420539
S2 XoL agregat 2->200 thn,wang,0.2,573-A,2,10829805.45,14888972.37076331,13802786.49057302
S2 XoL agregat 2->200 thn,wang,0.2,573-F,1,4321598.76,5386626.400313784,5143934.76977096
S2 XoL agregat 2->500 thn,wang,0.2,573-A,1,4144192.22,5588918.572733388,5221469.326230152
S2 XoL agregat 2->500 thn,wang,0.2,573-A,2,10829805.45,14597957.43324927,13640672.174513806
S2 XoL agregat 2->500 thn,wang,0.2,573-F,1,4321598.76,5526693.109289492,5223390.434702098
S2 XoL agregat 2->inf thn,wang,0.2,573-A,1,4144192.22,5590443.6681615,5222973.5531589305
S2 XoL agregat 2->inf thn,wang,0.2,573-A,2,10829805.45,14602013.926334906,13644677.479985215
S2 XoL agregat 2->inf thn,wang,0.2,573-F,1,4321598.76,5527371.752835659,5224038.55574165
S2 XoL agregat 3->50 thn,wang,0.2,573-A,1,4144192.22,5818149.970592049,5311278.762595085
S2 XoL agregat 3->50 thn,wang,0.2,573-A,2,10829805.45,15224653.605502773,13891087.250592463
S2 XoL agregat 3->50 thn,wang,0.2,573-F,1,4321598.76,5406486.278583338,5130659.808941162
S2 XoL agregat 3->100 thn,wang,0.2,573-A,1,4144192.22,5742148.550749815,5271273.835010927
S2 XoL agregat 3->100 thn,wang,0.2,573-A,2,10829805.45,15024332.150148315,13785627.186115578
S2 XoL agregat 3->100 thn,wang,0.2,573-F,1,4321598.76,5373495.385957812,5113389.375172962
S2 XoL agregat 3->200 thn,wang,0.2,573-A,1,4144192.22,5671317.586185934,5232735.477203341
S2 XoL agregat 3->200 thn,wang,0.2,573-A,2,10829805.45,14837678.325985359,13684069.519979535
S2 XoL agregat 3->200 thn,wang,0.2,573-F,1,4321598.76,5342527.406729922,5096549.226623904
S2 XoL agregat 3->500 thn,wang,0.2,573-A,1,4144192.22,5569505.800093687,5176082.341591842
S2 XoL agregat 3->500 thn,wang,0.2,573-A,2,10829805.45,14548241.73376929,13522846.504794467
S2 XoL agregat 3->500 thn,wang,0.2,573-F,1,4321598.76,5468991.952975054,5168323.670248365
S2 XoL agregat 3->inf thn,wang,0.2,573-A,1,4144192.22,5570854.309900352,5177486.849581449
S2 XoL agregat 3->inf thn,wang,0.2,573-A,2,10829805.45,14551838.717353804,13526592.322547596
S2 XoL agregat 3->inf thn,wang,0.2,573-F,1,4321598.76,5469548.14981782,5168902.644914231
S2 XoL agregat 4->50 thn,wang,0.2,573-A,1,4144192.22,5818575.166675481,5292941.709236614
S2 XoL agregat 4->50 thn,wang,0.2,573-A,2,10829805.45,15227730.568653265,13844377.246366354
S2 XoL agregat 4->50 thn,wang,0.2,573-F,1,4321598.76,5392171.9074597005,5110845.003669387
S2 XoL agregat 4->100 thn,wang,0.2,573-A,1,4144192.22,5742573.746833248,5252936.781652457
S2 XoL agregat 4->100 thn,wang,0.2,573-A,2,10829805.45,15027409.113298807,13738917.181889465
S2 XoL agregat 4->100 thn,wang,0.2,573-F,1,4321598.76,5359181.014834175,5093574.569901188
S2 XoL agregat 4->200 thn,wang,0.2,573-A,1,4144192.22,5671742.782269367,5214398.423844871
S2 XoL agregat 4->200 thn,wang,0.2,573-A,2,10829805.45,14840755.289135851,13637359.515753424
S2 XoL agregat 4->200 thn,wang,0.2,573-F,1,4321598.76,5328213.035606284,5076734.421352129
S2 XoL agregat 4->500 thn,wang,0.2,573-A,1,4144192.22,5571260.72641677,5158496.194721646
S2 XoL agregat 4->500 thn,wang,0.2,573-A,2,10829805.45,14553544.165051218,13477393.235513167
S2 XoL agregat 4->500 thn,wang,0.2,573-F,1,4321598.76,5442888.59499688,5141851.554752851
S2 XoL agregat 4->inf thn,wang,0.2,573-A,1,4144192.22,5572429.5238883635,5159799.218098507
S2 XoL agregat 4->inf thn,wang,0.2,573-A,2,10829805.45,14556662.497419735,13480868.756109027
S2 XoL agregat 4->inf thn,wang,0.2,573-F,1,4321598.76,5443371.092324142,5142388.910868786
S2 XoL agregat 5->50 thn,wang,0.2,573-A,1,4144192.22,5825425.788979872,5285488.593241832
S2 XoL agregat 5->50 thn,wang,0.2,573-A,2,10829805.45,15246894.602019042,13825665.10026065
S2 XoL agregat 5->50 thn,wang,0.2,573-F,1,4321598.76,5387743.110575771,5101427.29394381
S2 XoL agregat 5->100 thn,wang,0.2,573-A,1,4144192.22,5749424.369137639,5245483.665657676
S2 XoL agregat 5->100 thn,wang,0.2,573-A,2,10829805.45,15046573.14666458,13720205.035783766
S2 XoL agregat 5->100 thn,wang,0.2,573-F,1,4321598.76,5354752.217950244,5084156.86017561
S2 XoL agregat 5->200 thn,wang,0.2,573-A,1,4144192.22,5678593.404573758,5206945.307850088
S2 XoL agregat 5->200 thn,wang,0.2,573-A,2,10829805.45,14859919.322501628,13618647.36964772
S2 XoL agregat 5->200 thn,wang,0.2,573-F,1,4321598.76,5323784.238722354,5067316.711626551
S2 XoL agregat 5->500 thn,wang,0.2,573-A,1,4144192.22,5579186.353776406,5151650.1404051175
S2 XoL agregat 5->500 thn,wang,0.2,573-A,2,10829805.45,14574585.559812501,13459741.24643081
S2 XoL agregat 5->500 thn,wang,0.2,573-F,1,4321598.76,5429257.295055223,5127237.137418204
S2 XoL agregat 5->inf thn,wang,0.2,573-A,1,4144192.22,5580175.482041298,5152851.703524079
S2 XoL agregat 5->inf thn,wang,0.2,573-A,2,10829805.45,14577225.35583442,13462946.534736827
S2 XoL agregat 5->inf thn,wang,0.2,573-F,1,4321598.76,5429666.110553804,5127732.88497206
S2 XoL agregat 7->50 thn,wang,0.2,573-A,1,4144192.22,5844442.981125149,5282382.076830995
S2 XoL agregat 7->50 thn,wang,0.2,573-A,2,10829805.45,15298241.530696983,13818521.263689177
S2 XoL agregat 7->50 thn,wang,0.2,573-F,1,4321598.76,5388415.041470735,5093636.37772894
S2 XoL agregat 7->100 thn,wang,0.2,573-A,1,4144192.22,5768441.561282916,5242377.149246838
S2 XoL agregat 7->100 thn,wang,0.2,573-A,2,10829805.45,15097920.075342521,13713061.199212292
S2 XoL agregat 7->100 thn,wang,0.2,573-F,1,4321598.76,5355424.148845209,5076365.943960739
S2 XoL agregat 7->200 thn,wang,0.2,573-A,1,4144192.22,5697610.596719035,5203838.791439252
S2 XoL agregat 7->200 thn,wang,0.2,573-A,2,10829805.45,14911266.251179568,13611503.533076249
S2 XoL agregat 7->200 thn,wang,0.2,573-F,1,4321598.76,5324456.169617319,5059525.795411682
S2 XoL agregat 7->500 thn,wang,0.2,573-A,1,4144192.22,5599738.692379749,5149410.530229425
S2 XoL agregat 7->500 thn,wang,0.2,573-A,2,10829805.45,14630487.677554237,13455169.75191889
S2 XoL agregat 7->500 thn,wang,0.2,573-F,1,4321598.76,5416055.646150094,5111611.729080929
S2 XoL agregat 7->inf thn,wang,0.2,573-A,1,4144192.22,5600368.383394042,5150409.117018634
S2 XoL agregat 7->inf thn,wang,0.2,573-A,2,10829805.45,14632170.137636991,13457834.426988674
S2 XoL agregat 7->inf thn,wang,0.2,573-F,1,4321598.76,5416317.05745846,5112024.236621486
S2 XoL agregat 10->50 thn,wang,0.2,573-A,1,4144192.22,5872506.848717604,5287458.61996342
S2 XoL agregat 10->50 thn,wang,0.2,573-A,2,10829805.45,15373035.51567468,13832618.28748026
S2 XoL agregat 10->50 thn,wang,0.2,573-F,1,4321598.76,5395892.181373077,5091764.929540327
S2 XoL agregat 10->100 thn,wang,0.2,573-A,1,4144192.22,5796505.42887537,5247453.692379262
S2 XoL agregat 10->100 thn,wang,0.2,573-A,2,10829805.45,15172714.060320223,13727158.223003373
S2 XoL agregat 10->100 thn,wang,0.2,573-F,1,4321598.76,5362901.288747551,5074494.495772127
S2 XoL agregat 10->200 thn,wang,0.2,573-A,1,4144192.22,5725674.464311489,5208915.334571675
S2 XoL agregat 10->200 thn,wang,0.2,573-A,2,10829805.45,14986060.236157266,13625600.556867331
S2 XoL agregat 10->200 thn,wang,0.2,573-F,1,4321598.76,5331933.309519661,5057654.347223069
S2 XoL agregat 10->500 thn,wang,0.2,573-A,1,4144192.22,5629836.3727647215,5155635.579409388
S2 XoL agregat 10->500 thn,wang,0.2,573-A,2,10829805.45,14710516.908016289,13472223.149630548
S2 XoL agregat 10->500 thn,wang,0.2,573-F,1,4321598.76,5406738.29119887,5100256.330857362
S2 XoL agregat 10->inf thn,wang,0.2,573-A,1,4144192.22,5629926.939349939,5156329.719462179
S2 XoL agregat 10->inf thn,wang,0.2,573-A,2,10829805.45,14710763.44794673,13474076.95214373
S2 XoL agregat 10->inf thn,wang,0.2,573-F,1,4321598.76,5406778.609118165,5100543.985660561
S2 XoL agregat 15->50 thn,wang,0.2,573-A,1,4144192.22,5910778.668263817,5300376.727062318
S2 XoL agregat 15->50 thn,wang,0.2,573-A,2,10829805.45,15474493.731636014,13867182.430058401
S2 XoL agregat 15->50 thn,wang,0.2,573-F,1,4321598.76,5409566.977655634,5094771.069285857
S2 XoL agregat 15->100 thn,wang,0.2,573-A,1,4144192.22,5834777.248421583,5260371.799478159
S2 XoL agregat 15->100 thn,wang,0.2,573-A,2,10829805.45,15274172.276281552,13761722.365581512
S2 XoL agregat 15->100 thn,wang,0.2,573-F,1,4321598.76,5376576.085030108,5077500.635517656
S2 XoL agregat 15->200 thn,wang,0.2,573-A,1,4144192.22,5763946.283857703,5221833.441670573
S2 XoL agregat 15->200 thn,wang,0.2,573-A,2,10829805.45,15087518.452118598,13660164.69944547
S2 XoL agregat 15->200 thn,wang,0.2,573-F,1,4321598.76,5345608.1058022175,5060660.486968598
S2 XoL agregat 15->500 thn,wang,0.2,573-A,1,4144192.22,5670117.217239803,5169688.19470341
S2 XoL agregat 15->500 thn,wang,0.2,573-A,2,10829805.45,14818337.953696001,13510380.41957907
S2 XoL agregat 15->500 thn,wang,0.2,573-F,1,4321598.76,5406928.836066999,5095647.834510037
S2 XoL agregat 15->inf thn,wang,0.2,573-A,1,4144192.22,5669310.2998804925,5169875.520293409
S2 XoL agregat 15->inf thn,wang,0.2,573-A,2,10829805.45,14816194.10800704,13510884.357271884
S2 XoL agregat 15->inf thn,wang,0.2,573-F,1,4321598.76,5406601.098383116,5095727.64614909
S2 XoL agregat 20->50 thn,wang,0.2,573-A,1,4144192.22,5938810.947168283,5311976.248004515
S2 XoL agregat 20->50 thn,wang,0.2,573-A,2,10829805.45,15548620.947801383,13897972.97448426
S2 XoL agregat 20->50 thn,wang,0.2,573-F,1,4321598.76,5420616.4091972,5098790.464145689
S2 XoL agregat 20->100 thn,wang,0.2,573-A,1,4144192.22,5862809.527326049,5271971.320420357
S2 XoL agregat 20->100 thn,wang,0.2,573-A,2,10829805.45,15348299.492446925,13792512.91000737
S2 XoL agregat 20->100 thn,wang,0.2,573-F,1,4321598.76,5387625.516571674,5081520.030377489
S2 XoL agregat 20->200 thn,wang,0.2,573-A,1,4144192.22,5791978.562762167,5233432.9626127705
S2 XoL agregat 20->200 thn,wang,0.2,573-A,2,10829805.45,15161645.668283971,13690955.24387133
S2 XoL agregat 20->200 thn,wang,0.2,573-F,1,4321598.76,5356657.537343783,5064679.881828431
S2 XoL agregat 20->500 thn,wang,0.2,573-A,1,4144192.22,5699992.653914383,5182328.557680497
S2 XoL agregat 20->500 thn,wang,0.2,573-A,2,10829805.45,14897382.635012573,13543947.885502076
S2 XoL agregat 20->500 thn,wang,0.2,573-F,1,4321598.76,5407481.901893814,5093739.869907423
S2 XoL agregat 20->inf thn,wang,0.2,573-A,1,4144192.22,5698285.737715579,5182007.648631723
S2 XoL agregat 20->inf thn,wang,0.2,573-A,2,10829805.45,14892841.705457626,13543098.175835272
S2 XoL agregat 20->inf thn,wang,0.2,573-F,1,4321598.76,5406785.077255508,5093611.255972212
S3 XoL 2->20 + pemerintah >20 thn,wang,0.2,573-A,1,4144192.22,5553402.263546049,5188111.984395515
S3 XoL 2->20 + pemerintah >20 thn,wang,0.2,573-A,2,10829805.45,14504671.084602093,13553063.580135716
S3 XoL 2->20 + pemerintah >20 thn,wang,0.2,573-F,1,4321598.76,5509672.501738516,5207369.300423574
S3 XoL 2->50 + pemerintah >50 thn,wang,0.2,573-A,1,4144192.22,5574887.674175988,5208331.590590142
S3 XoL 2->50 + pemerintah >50 thn,wang,0.2,573-A,2,10829805.45,14560996.7065567,13606067.217671208
S3 XoL 2->50 + pemerintah >50 thn,wang,0.2,573-F,1,4321598.76,5520342.062063658,5217437.421676806
S3 XoL 2->100 + pemerintah >100 thn,wang,0.2,573-A,1,4144192.22,5582627.150624234,5215615.6397347255
S3 XoL 2->100 + pemerintah >100 thn,wang,0.2,573-A,2,10829805.45,14581352.74485916,13625225.031965286
S3 XoL 2->100 + pemerintah >100 thn,wang,0.2,573-F,1,4321598.76,5523947.761458332,5220833.2986964835
S3 XoL 3->20 + pemerintah >20 thn,wang,0.2,573-A,1,4144192.22,5533815.374795708,5142626.675365314
S3 XoL 3->20 + pemerintah >20 thn,wang,0.2,573-A,2,10829805.45,14454503.558477798,13434982.761252532
S3 XoL 3->20 + pemerintah >20 thn,wang,0.2,573-F,1,4321598.76,5451819.317024892,5152216.684638535
S3 XoL 3->50 + pemerintah >50 thn,wang,0.2,573-A,1,4144192.22,5555295.587805274,5162843.346433141
S3 XoL 3->50 + pemerintah >50 thn,wang,0.2,573-A,2,10829805.45,14510806.03774953,13487973.329978868
S3 XoL 3->50 + pemerintah >50 thn,wang,0.2,573-F,1,4321598.76,5462558.423616079,5162324.079077299
S3 XoL 3->100 + pemerintah >100 thn,wang,0.2,573-A,1,4144192.22,5563034.628673206,5170127.149602961
S3 XoL 3->100 + pemerintah >100 thn,wang,0.2,573-A,2,10829805.45,14531159.92451449,13507129.929287063
S3 XoL 3->100 + pemerintah >100 thn,wang,0.2,573-F,1,4321598.76,5466170.172857586,5165723.3724810695
S3 XoL 5->20 + pemerintah >20 thn,wang,0.2,573-A,1,4144192.22,5543011.10962365,5117920.694119423
S3 XoL 5->20 + pemerintah >20 thn,wang,0.2,573-A,2,10829805.45,14479332.75401461,13371022.182132322
S3 XoL 5->20 + pemerintah >20 thn,wang,0.2,573-F,1,4321598.76,5413614.5582704805,5111994.094866494
S3 XoL 5->50 + pemerintah >50 thn,wang,0.2,573-A,1,4144192.22,5564583.358627646,5138189.338454693
S3 XoL 5->50 + pemerintah >50 thn,wang,0.2,573-A,2,10829805.45,14536016.011516308,13424227.778564991
S3 XoL 5->50 + pemerintah >50 thn,wang,0.2,573-F,1,4321598.76,5423152.504425446,5121423.186941273
S3 XoL 5->100 + pemerintah >100 thn,wang,0.2,573-A,1,4144192.22,5572345.07777589,5145485.9481828045
S3 XoL 5->100 + pemerintah >100 thn,wang,0.2,573-A,2,10829805.45,14556470.58054267,13443441.23373845
S3 XoL 5->100 + pemerintah >100 thn,wang,0.2,573-F,1,4321598.76,5426461.116271722,5124651.296874797
S3 XoL 10->20 + pemerintah >20 thn,wang,0.2,573-A,1,4144192.22,5598545.048177309,5124664.111231181
S3 XoL 10->20 + pemerintah >20 thn,wang,0.2,573-A,2,10829805.45,14641340.427543346,13398229.539633205
S3 XoL 10->20 + pemerintah >20 thn,wang,0.2,573-F,1,4321598.76,5310510.217286028,5039506.274398018
S3 XoL 10->50 + pemerintah >50 thn,wang,0.2,573-A,1,4144192.22,5614168.845606405,5141573.629971213
S3 XoL 10->50 + pemerintah >50 thn,wang,0.2,573-A,2,10829805.45,14668721.04911571,13434887.765188133
S3 XoL 10->50 + pemerintah >50 thn,wang,0.2,573-F,1,4321598.76,5402584.034944174,5095543.858615769
S3 XoL 10->100 + pemerintah >100 thn,wang,0.2,573-A,1,4144192.22,5622022.810723305,5148922.331540449
S3 XoL 10->100 + pemerintah >100 thn,wang,0.2,573-A,2,10829805.45,14689471.749119237,13454268.447266346
S3 XoL 10->100 + pemerintah >100 thn,wang,0.2,573-F,1,4321598.76,5404778.097584137,5098142.5760563165
S1 quota share 50%,wang,0.3,573-A,1,4144192.22,6012154.4095132705,5497457.002365432
S1 quota share 50%,wang,0.3,573-A,2,10829805.45,15718490.094933344,14367099.041113736
S1 quota share 50%,wang,0.3,573-F,1,4321598.76,5467321.65297811,5134529.432449986
S2 XoL agregat 1.5->50 thn,wang,0.3,573-A,1,4144192.22,6074625.960208589,5597698.423458151
S2 XoL agregat 1.5->50 thn,wang,0.3,573-A,2,10829805.45,15887177.504415292,14634668.518463902
S2 XoL agregat 1.5->50 thn,wang,0.3,573-F,1,4321598.76,5625004.492116936,5340296.271137854
S2 XoL agregat 1.5->100 thn,wang,0.3,573-A,1,4144192.22,6003827.301582402,5562590.212312625
S2 XoL agregat 1.5->100 thn,wang,0.3,573-A,2,10829805.45,15700543.257991802,14542090.532980867
S2 XoL agregat 1.5->100 thn,wang,0.3,573-F,1,4321598.76,5594431.51723719,5325301.5246598
S2 XoL agregat 1.5->200 thn,wang,0.3,573-A,1,4144192.22,5935703.371204591,5526599.651386047
S2 XoL agregat 1.5->200 thn,wang,0.3,573-A,2,10829805.45,15521023.003582632,14447246.814848386
S2 XoL agregat 1.5->200 thn,wang,0.3,573-F,1,4321598.76,5564661.010237781,5309588.408796372
S2 XoL agregat 1.5->500 thn,wang,0.3,573-A,1,4144192.22,5852111.030778278,5480844.726784504
S2 XoL agregat 1.5->500 thn,wang,0.3,573-A,2,10829805.45,15289396.877467781,14320282.7492723
S2 XoL agregat 1.5->500 thn,wang,0.3,573-F,1,4321598.76,5579798.933349093,5318756.093283538
S2 XoL agregat 1.5->inf thn,wang,0.3,573-A,1,4144192.22,5846985.654202115,5479092.822894982
S2 XoL agregat 1.5->inf thn,wang,0.3,573-A,2,10829805.45,15274005.490949644,14314638.179546244
S2 XoL agregat 1.5->inf thn,wang,0.3,573-F,1,4321598.76,5583726.611310123,5321445.276654954
S2 XoL agregat 2->50 thn,wang,0.3,573-A,1,4144192.22,5999698.808053436,5508656.357424743
S2 XoL agregat 2->50 thn,wang,0.3,573-A,2,10829805.45,15695222.981578996,14404416.29770197
S2 XoL agregat 2->50 thn,wang,0.3,573-F,1,4321598.76,5544462.384750077,5266400.281577984
S2 XoL agregat 2->100 thn,wang,0.3,573-A,1,4144192.22,5928900.149427247,5473548.146279217
S2 XoL agregat 2->100 thn,wang,0.3,573-A,2,10829805.45,15508588.735155504,14311838.312218934
S2 XoL agregat 2->100 thn,wang,0.3,573-F,1,4321598.76,5513889.409870331,5251405.53509993
S2 XoL agregat 2->200 thn,wang,0.3,573-A,1,4144192.22,5860776.219049437,5437557.585352638
S2 XoL agregat 2->200 thn,wang,0.3,573-A,2,10829805.45,15329068.480746333,14216994.594086455
S2 XoL agregat 2->200 thn,wang,0.3,573-F,1,4321598.76,5484118.902870922,5235692.419236502
S2 XoL agregat 2->500 thn,wang,0.3,573-A,1,4144192.22,5758968.533720041,5381516.348335237
S2 XoL agregat 2->500 thn,wang,0.3,573-A,2,10829805.45,15042338.178979328,14058912.876377387
S2 XoL agregat 2->500 thn,wang,0.3,573-F,1,4321598.76,5624876.342588924,5315798.183689798
S2 XoL agregat 2->inf thn,wang,0.3,573-A,1,4144192.22,5761820.239668456,5384269.14987136
S2 XoL agregat 2->inf thn,wang,0.3,573-A,2,10829805.45,15049934.010477355,14066249.323883988
S2 XoL agregat 2->inf thn,wang,0.3,573-F,1,4321598.76,5626103.0063318135,5316962.088443912
S2 XoL agregat 3->50 thn,wang,0.3,573-A,1,4144192.22,5932499.987188973,5418902.307627484
S2 XoL agregat 3->50 thn,wang,0.3,573-A,2,10829805.45,15523468.74923438,14172325.032928096
S2 XoL agregat 3->50 thn,wang,0.3,573-F,1,4321598.76,5471563.727426704,5191909.172558449
S2 XoL agregat 3->100 thn,wang,0.3,573-A,1,4144192.22,5861701.328562784,5383794.096481958
S2 XoL agregat 3->100 thn,wang,0.3,573-A,2,10829805.45,15336834.502810888,14079747.04744506
S2 XoL agregat 3->100 thn,wang,0.3,573-F,1,4321598.76,5440990.75254696,5176914.4260803955
S2 XoL agregat 3->200 thn,wang,0.3,573-A,1,4144192.22,5793577.398184974,5347803.5355553785
S2 XoL agregat 3->200 thn,wang,0.3,573-A,2,10829805.45,15157314.24840172,13984903.32931258
S2 XoL agregat 3->200 thn,wang,0.3,573-F,1,4321598.76,5411220.245547551,5161201.310216966
S2 XoL agregat 3->500 thn,wang,0.3,573-A,1,4144192.22,5693384.816589026,5292674.357116866
S2 XoL agregat 3->500 thn,wang,0.3,573-A,2,10829805.45,14872162.29193268,13827712.912477659
S2 XoL agregat 3->500 thn,wang,0.3,573-F,1,4321598.76,5538375.522534978,5233625.853363587
S2 XoL agregat 3->inf thn,wang,0.3,573-A,1,4144192.22,5696059.936915993,5295327.439713818
S2 XoL agregat 3->inf thn,wang,0.3,573-A,2,10829805.45,14879298.613929585,13834789.87226598
S2 XoL agregat 3->inf thn,wang,0.3,573-F,1,4321598.76,5539479.739574465,5234720.611744015
S2 XoL agregat 4->50 thn,wang,0.3,573-A,1,4144192.22,5906765.992249387,5375944.839188526
S2 XoL agregat 4->50 thn,wang,0.3,573-A,2,10829805.45,15458287.491987254,14061371.997739518
S2 XoL agregat 4->50 thn,wang,0.3,573-F,1,4321598.76,5441165.7647997765,5156956.869401223
S2 XoL agregat 4->100 thn,wang,0.3,573-A,1,4144192.22,5835967.333623199,5340836.628043
S2 XoL agregat 4->100 thn,wang,0.3,573-A,2,10829805.45,15271653.24556376,13968794.012256483
S2 XoL agregat 4->100 thn,wang,0.3,573-F,1,4321598.76,5410592.789920031,5141962.12292317
S2 XoL agregat 4->200 thn,wang,0.3,573-A,1,4144192.22,5767843.4032453885,5304846.067116422
S2 XoL agregat 4->200 thn,wang,0.3,573-A,2,10829805.45,15092132.99115459,13873950.294124002
S2 XoL agregat 4->200 thn,wang,0.3,573-F,1,4321598.76,5380822.282920622,5126249.007059741
S2 XoL agregat 4->500 thn,wang,0.3,573-A,1,4144192.22,5668980.551889092,5250467.795166182
S2 XoL agregat 4->500 thn,wang,0.3,573-A,2,10829805.45,14809206.50281699,13718016.612233892
S2 XoL agregat 4->500 thn,wang,0.3,573-F,1,4321598.76,5496188.573053512,5192016.239982622
S2 XoL agregat 4->inf thn,wang,0.3,573-A,1,4144192.22,5671475.959880986,5253019.393150387
S2 XoL agregat 4->inf thn,wang,0.3,573-A,2,10829805.45,14815864.173597898,13724823.274864946
S2 XoL agregat 4->inf thn,wang,0.3,573-F,1,4321598.76,5497219.090577496,5193069.379813119
S2 XoL agregat 5->50 thn,wang,0.3,573-A,1,4144192.22,5897186.301646477,5353027.89928099
S2 XoL agregat 5->50 thn,wang,0.3,573-A,2,10829805.45,15434568.878628036,14002299.713539707
S2 XoL agregat 5->50 thn,wang,0.3,573-F,1,4321598.76,5426897.0644629905,5138278.074072958
S2 XoL agregat 5->100 thn,wang,0.3,573-A,1,4144192.22,5826387.643020289,5317919.688135464
S2 XoL agregat 5->100 thn,wang,0.3,573-A,2,10829805.45,15247934.632204544,13909721.72805667
S2 XoL agregat 5->100 thn,wang,0.3,573-F,1,4321598.76,5396324.089583245,5123283.327594904
S2 XoL agregat 5->200 thn,wang,0.3,573-A,1,4144192.22,5758263.712642479,5281929.127208884
S2 XoL agregat 5->200 thn,wang,0.3,573-A,2,10829805.45,15068414.377795376,13814878.009924192
S2 XoL agregat 5->200 thn,wang,0.3,573-F,1,4321598.76,5366553.582583836,5107570.211731476
S2 XoL agregat 5->500 thn,wang,0.3,573-A,1,4144192.22,5660475.866341425,5228157.9169369005
S2 XoL agregat 5->500 thn,wang,0.3,573-A,2,10829805.45,14787365.250853283,13660004.485057428
S2 XoL agregat 5->500 thn,wang,0.3,573-F,1,4321598.76,5472717.369658998,5168140.737045287
S2 XoL agregat 5->inf thn,wang,0.3,573-A,1,4144192.22,5662791.60512662,5230608.054663205
S2 XoL agregat 5->inf thn,wang,0.3,573-A,2,10829805.45,14793544.38528759,13666540.915398635
S2 XoL agregat 5->inf thn,wang,0.3,573-F,1,4321598.76,5473674.205354301,5169152.268313705
S2 XoL agregat 7->50 thn,wang,0.3,573-A,1,4144192.22,5895529.305322999,5330463.3231348535
S2 XoL agregat 7->50 thn,wang,0.3,573-A,2,10829805.45,15431927.773463033,13944343.609821932
S2 XoL agregat 7->50 thn,wang,0.3,573-F,1,4321598.76,5415558.008780327,5119182.699902672
S2 XoL agregat 7->100 thn,wang,0.3,573-A,1,4144192.22,5824730.64669681,5295355.111989327
S2 XoL agregat 7->100 thn,wang,0.3,573-A,2,10829805.45,15245293.527039543,13851765.624338897
S2 XoL agregat 7->100 thn,wang,0.3,573-F,1,4321598.76,5384985.033900581,5104187.9534246195
S2 XoL agregat 7->200 thn,wang,0.3,573-A,1,4144192.22,5756606.716318999,5259364.551062749
S2 XoL agregat 7->200 thn,wang,0.3,573-A,2,10829805.45,15065773.272630371,13756921.906206418
S2 XoL agregat 7->200 thn,wang,0.3,573-F,1,4321598.76,5355214.5269011725,5088474.837561191
S2 XoL agregat 7->500 thn,wang,0.3,573-A,1,4144192.22,5660354.016476014,5206460.247025909
S2 XoL agregat 7->500 thn,wang,0.3,573-A,2,10829805.45,14789279.334752072,13604620.723399209
S2 XoL agregat 7->500 thn,wang,0.3,573-F,1,4321598.76,5447504.734176242,5141210.870752596
S2 XoL agregat 7->inf thn,wang,0.3,573-A,1,4144192.22,5662310.318010608,5208707.408422462
S2 XoL agregat 7->inf thn,wang,0.3,573-A,2,10829805.45,14794501.133247219,13610616.540504184
S2 XoL agregat 7->inf thn,wang,0.3,573-F,1,4321598.76,5448314.165681329,5142139.1620077165
S2 XoL agregat 10->50 thn,wang,0.3,573-A,1,4144192.22,5906981.785387454,5319905.619182101
S2 XoL agregat 10->50 thn,wang,0.3,573-A,2,10829805.45,15463308.24585285,13917580.857059713
S2 XoL agregat 10->50 thn,wang,0.3,573-F,1,4321598.76,5413748.369408458,5108570.753573626
S2 XoL agregat 10->100 thn,wang,0.3,573-A,1,4144192.22,5836183.126761264,5284797.408036575
S2 XoL agregat 10->100 thn,wang,0.3,573-A,2,10829805.45,15276673.999429356,13825002.871576674
S2 XoL agregat 10->100 thn,wang,0.3,573-F,1,4321598.76,5383175.394528713,5093576.0070955735
S2 XoL agregat 10->200 thn,wang,0.3,573-A,1,4144192.22,5768059.196383455,5248806.847109997
S2 XoL agregat 10->200 thn,wang,0.3,573-A,2,10829805.45,15097153.745020187,13730159.153444197
S2 XoL agregat 10->200 thn,wang,0.3,573-F,1,4321598.76,5353404.887529304,5077862.891232145
S2 XoL agregat 10->500 thn,wang,0.3,573-A,1,4144192.22,5673840.3093329845,5197051.049120694
S2 XoL agregat 10->500 thn,wang,0.3,573-A,2,10829805.45,14825895.05262624,13580814.344557563
S2 XoL agregat 10->500 thn,wang,0.3,573-F,1,4321598.76,5428900.599950806,5121114.974388596
S2 XoL agregat 10->inf thn,wang,0.3,573-A,1,4144192.22,5675257.486438505,5198993.7637808295
S2 XoL agregat 10->inf thn,wang,0.3,573-A,2,10829805.45,14829680.930969073,13585999.289105935
S2 XoL agregat 10->inf thn,wang,0.3,573-F,1,4321598.76,5429488.938066824,5121918.412906358
S2 XoL agregat 15->50 thn,wang,0.3,573-A,1,4144192.22,5931416.711042237,5319800.767324359
S2 XoL agregat 15->50 thn,wang,0.3,573-A,2,10829805.45,15528577.775955727,13918085.060006367
S2 XoL agregat 15->50 thn,wang,0.3,573-F,1,4321598.76,5419985.967552724,5104577.177424294
S2 XoL agregat 15->100 thn,wang,0.3,573-A,1,4144192.22,5860618.052416049,5284692.5561788315
S2 XoL agregat 15->100 thn,wang,0.3,573-A,2,10829805.45,15341943.529532235,13825507.07452333
S2 XoL agregat 15->100 thn,wang,0.3,573-F,1,4321598.76,5389412.992672979,5089582.430946241
S2 XoL agregat 15->200 thn,wang,0.3,573-A,1,4144192.22,5792494.122038239,5248701.9952522535
S2 XoL agregat 15->200 thn,wang,0.3,573-A,2,10829805.45,15162423.275123065,13730663.35639085
S2 XoL agregat 15->200 thn,wang,0.3,573-F,1,4321598.76,5359642.48567357,5073869.315082813
S2 XoL agregat 15->500 thn,wang,0.3,573-A,1,4144192.22,5700284.259916637,5198080.7054580785
S2 XoL agregat 15->500 thn,wang,0.3,573-A,2,10829805.45,14897527.412447501,13584911.674874596
S2 XoL agregat 15->500 thn,wang,0.3,573-F,1,4321598.76,5421653.946680644,5109506.762146409
S2 XoL agregat 15->inf thn,wang,0.3,573-A,1,4144192.22,5700803.95307763,5199516.605655421
S2 XoL agregat 15->inf thn,wang,0.3,573-A,2,10829805.45,14898922.905170929,13588746.754602602
S2 XoL agregat 15->inf thn,wang,0.3,573-F,1,4321598.76,5421874.2291934835,5110102.357500023
S2 XoL agregat 20->50 thn,wang,0.3,573-A,1,4144192.22,5952533.31843564,5324891.420962027
S2 XoL agregat 20->50 thn,wang,0.3,573-A,2,10829805.45,15584602.592516089,13931838.051862804
S2 XoL agregat 20->50 thn,wang,0.3,573-F,1,4321598.76,5427433.568801518,5105206.614361517
S2 XoL agregat 20->100 thn,wang,0.3,573-A,1,4144192.22,5881734.659809452,5289783.2098165015
S2 XoL agregat 20->100 thn,wang,0.3,573-A,2,10829805.45,15397968.346092599,13839260.066379767
S2 XoL agregat 20->100 thn,wang,0.3,573-F,1,4321598.76,5396860.593921771,5090211.867883464
S2 XoL agregat 20->200 thn,wang,0.3,573-A,1,4144192.22,5813610.729431641,5253792.648889923
S2 XoL agregat 20->200 thn,wang,0.3,573-A,2,10829805.45,15218448.091683429,13744416.34824729
S2 XoL agregat 20->200 thn,wang,0.3,573-F,1,4321598.76,5367090.086922362,5074498.752020036
S2 XoL agregat 20->500 thn,wang,0.3,573-A,1,4144192.22,5723244.025080155,5204212.201130636
S2 XoL agregat 20->500 thn,wang,0.3,573-A,2,10829805.45,14958469.694159064,13601441.588228183
S2 XoL agregat 20->500 thn,wang,0.3,573-F,1,4321598.76,5418605.182214688,5104208.839621185
S2 XoL agregat 20->inf thn,wang,0.3,573-A,1,4144192.22,5722863.719401653,5205139.866689203
S2 XoL agregat 20->inf thn,wang,0.3,573-A,2,10829805.45,14957468.103016505,13603923.020596573
S2 XoL agregat 20->inf thn,wang,0.3,573-F,1,4321598.76,5418456.377773101,5104596.009400537
S3 XoL 2->20 + pemerintah >20 thn,wang,0.3,573-A,1,4144192.22,5700200.853366929,5326275.363050462
S3 XoL 2->20 + pemerintah >20 thn,wang,0.3,573-A,2,10829805.45,14887964.771185659,13913810.579273192
S3 XoL 2->20 + pemerintah >20 thn,wang,0.3,573-F,1,4321598.76,5596732.454717075,5289308.079697511
S3 XoL 2->50 + pemerintah >50 thn,wang,0.3,573-A,1,4144192.22,5735408.635264227,5359410.142202601
S3 XoL 2->50 + pemerintah >50 thn,wang,0.3,573-A,2,10829805.45,14980272.037854971,14000679.294187227
S3 XoL 2->50 + pemerintah >50 thn,wang,0.3,573-F,1,4321598.76,5614219.174646533,5305792.3511665715
S3 XoL 2->100 + pemerintah >100 thn,wang,0.3,573-A,1,4144192.22,5748350.872928519,5371590.907785816
S3 XoL 2->100 + pemerintah >100 thn,wang,0.3,573-A,2,10829805.45,15014315.285088401,14032719.187475158
S3 XoL 2->100 + pemerintah >100 thn,wang,0.3,573-F,1,4321598.76,5620242.791786988,5311463.915476395
S3 XoL 3->20 + pemerintah >20 thn,wang,0.3,573-A,1,4144192.22,5634443.020125275,5237335.0474402
S3 XoL 3->20 + pemerintah >20 thn,wang,0.3,573-A,2,10829805.45,14717337.0574947,13682355.466209615
S3 XoL 3->20 + pemerintah >20 thn,wang,0.3,573-F,1,4321598.76,5510079.606263942,5207049.898039994
S3 XoL 3->50 + pemerintah >50 thn,wang,0.3,573-A,1,4144192.22,5669645.6044021975,5270466.891465541
S3 XoL 3->50 + pemerintah >50 thn,wang,0.3,573-A,2,10829805.45,14809621.181481138,13769211.1123145
S3 XoL 3->50 + pemerintah >50 thn,wang,0.3,573-F,1,4321598.76,5527635.872459446,5223573.442694584
S3 XoL 3->100 + pemerintah >100 thn,wang,0.3,573-A,1,4144192.22,5682587.406486176,5282647.41107399
S3 XoL 3->100 + pemerintah >100 thn,wang,0.3,573-A,2,10829805.45,14843662.277177062,13801249.790616544
S3 XoL 3->100 + pemerintah >100 thn,wang,0.3,573-F,1,4321598.76,5533665.539446735,5229248.423388504
S3 XoL 5->20 + pemerintah >20 thn,wang,0.3,573-A,1,4144192.22,5601049.251022898,5172544.8272010675
S3 XoL 5->20 + pemerintah >20 thn,wang,0.3,573-A,2,10829805.45,14631025.3859089,13513791.71803283
S3 XoL 5->20 + pemerintah >20 thn,wang,0.3,573-F,1,4321598.76,5445951.3525533825,5142428.724779814
S3 XoL 5->50 + pemerintah >50 thn,wang,0.3,573-A,1,4144192.22,5636343.871294251,5205728.64449385
S3 XoL 5->50 + pemerintah >50 thn,wang,0.3,573-A,2,10829805.45,14723690.288125306,13600862.391844047
S3 XoL 5->50 + pemerintah >50 thn,wang,0.3,573-F,1,4321598.76,5462306.458312665,5158273.967070421
S3 XoL 5->100 + pemerintah >100 thn,wang,0.3,573-A,1,4144192.22,5649308.351658539,5217921.970660592
S3 XoL 5->100 + pemerintah >100 thn,wang,0.3,573-A,2,10829805.45,14757832.066082634,13632957.926011357
S3 XoL 5->100 + pemerintah >100 thn,wang,0.3,573-F,1,4321598.76,5468032.987904722,5163777.764294092
S3 XoL 10->20 + pemerintah >20 thn,wang,0.3,573-A,1,4144192.22,5619297.613579801,5144195.93749235
S3 XoL 10->20 + pemerintah >20 thn,wang,0.3,573-A,2,10829805.45,14695631.513006808,13449327.031834112
S3 XoL 10->20 + pemerintah >20 thn,wang,0.3,573-F,1,4321598.76,5321549.24571709,5049895.948215487
S3 XoL 10->50 + pemerintah >50 thn,wang,0.3,573-A,1,4144192.22,5648643.782276255,5174020.629189895
S3 XoL 10->50 + pemerintah >50 thn,wang,0.3,573-A,2,10829805.45,14758993.779293878,13519850.334767587
S3 XoL 10->50 + pemerintah >50 thn,wang,0.3,573-F,1,4321598.76,5420440.222979554,5112349.682649069
S3 XoL 10->100 + pemerintah >100 thn,wang,0.3,573-A,1,4144192.22,5661700.5086092,5186266.047197761
S3 XoL 10->100 + pemerintah >100 thn,wang,0.3,573-A,2,10829805.45,14793431.68822837,13552113.095839648
S3 XoL 10->100 + pemerintah >100 thn,wang,0.3,573-F,1,4321598.76,5425052.203365297,5117224.087379762
S1 quota share 50%,wang,0.45,573-A,1,4144192.22,6220563.556688198,5693606.787941834
S1 quota share 50%,wang,0.45,573-A,2,10829805.45,16260554.384572973,14877277.196068684
S1 quota share 50%,wang,0.45,573-F,1,4321598.76,5483875.792963221,5150109.799494796
S2 XoL agregat 1.5->50 thn,wang,0.45,573-A,1,4144192.22,6388283.885847872,5892905.882883358
S2 XoL agregat 1.5->50 thn,wang,0.45,573-A,2,10829805.45,16706853.225237606,15406128.020414313
S2 XoL agregat 1.5->50 thn,wang,0.45,573-F,1,4321598.76,5799772.556052224,5504783.860724008
S2 XoL agregat 1.5->100 thn,wang,0.45,573-A,1,4144192.22,6327349.575124858,5867081.763881995
S2 XoL agregat 1.5->100 thn,wang,0.45,573-A,2,10829805.45,16546177.001420755,15337981.115031647
S2 XoL agregat 1.5->100 thn,wang,0.45,573-F,1,4321598.76,5773766.1325423,5494087.044946962
S2 XoL agregat 1.5->200 thn,wang,0.45,573-A,1,4144192.22,6264529.427865461,5836082.998831571
S2 XoL agregat 1.5->200 thn,wang,0.45,573-A,2,10829805.45,16380638.042177906,15256296.262938056
S2 XoL agregat 1.5->200 thn,wang,0.45,573-F,1,4321598.76,5746336.280963096,5480576.898890785
S2 XoL agregat 1.5->500 thn,wang,0.45,573-A,1,4144192.22,6184219.272461181,5793417.189544884
S2 XoL agregat 1.5->500 thn,wang,0.45,573-A,2,10829805.45,16157699.873486778,15137509.09846665
S2 XoL agregat 1.5->500 thn,wang,0.45,573-F,1,4321598.76,5762872.395536758,5491060.528283695
S2 XoL agregat 1.5->inf thn,wang,0.45,573-A,1,4144192.22,6181956.8628856195,5794359.842832399
S2 XoL agregat 1.5->inf thn,wang,0.45,573-A,2,10829805.45,16149950.71490731,15139057.213859342
S2 XoL agregat 1.5->inf thn,wang,0.45,573-F,1,4321598.76,5767986.339142837,5494866.196968099
S2 XoL agregat 2->50 thn,wang,0.45,573-A,1,4144192.22,6256888.84506692,5750717.568731551
S2 XoL agregat 2->50 thn,wang,0.45,573-A,2,10829805.45,16367417.18325403,15037069.663984355
S2 XoL agregat 2->50 thn,wang,0.45,573-F,1,4321598.76,5690607.014683913,5403948.168574535
S2 XoL agregat 2->100 thn,wang,0.45,573-A,1,4144192.22,6195954.534343907,5724893.4497301895
S2 XoL agregat 2->100 thn,wang,0.45,573-A,2,10829805.45,16206740.959437177,14968922.758601688
S2 XoL agregat 2->100 thn,wang,0.45,573-F,1,4321598.76,5664600.59117399,5393251.352797491
S2 XoL agregat 2->200 thn,wang,0.45,573-A,1,4144192.22,6133134.387084509,5693894.684679764
S2 XoL agregat 2->200 thn,wang,0.45,573-A,2,10829805.45,16041202.000194333,14887237.9065081
S2 XoL agregat 2->200 thn,wang,0.45,573-F,1,4321598.76,5637170.739594785,5379741.206741313
S2 XoL agregat 2->500 thn,wang,0.45,573-A,1,4144192.22,6034608.886777146,5640942.562977218
S2 XoL agregat 2->500 thn,wang,0.45,573-A,2,10829805.45,15763159.655851046,14737333.08990371
S2 XoL agregat 2->500 thn,wang,0.45,573-F,1,4321598.76,5779326.370775138,5461162.916100353
S2 XoL agregat 2->inf thn,wang,0.45,573-A,1,4144192.22,6040323.559726163,5646389.921690378
S2 XoL agregat 2->inf thn,wang,0.45,573-A,2,10829805.45,15778397.715287743,14751862.222529061
S2 XoL agregat 2->inf thn,wang,0.45,573-F,1,4321598.76,5781739.300163077,5463443.306167454
S2 XoL agregat 3->50 thn,wang,0.45,573-A,1,4144192.22,6121120.406922051,5596427.408552733
S2 XoL agregat 3->50 thn,wang,0.45,573-A,2,10829805.45,16016630.998764988,14636477.738368668
S2 XoL agregat 3->50 thn,wang,0.45,573-F,1,4321598.76,5576866.953233301,5291018.090964658
S2 XoL agregat 3->100 thn,wang,0.45,573-A,1,4144192.22,6060186.096199036,5570603.28955137
S2 XoL agregat 3->100 thn,wang,0.45,573-A,2,10829805.45,15855954.774948137,14568330.832985999
S2 XoL agregat 3->100 thn,wang,0.45,573-F,1,4321598.76,5550860.529723378,5280321.2751876125
S2 XoL agregat 3->200 thn,wang,0.45,573-A,1,4144192.22,5997365.94893964,5539604.5245009465
S2 XoL agregat 3->200 thn,wang,0.45,573-A,2,10829805.45,15690415.815705288,14486645.98089241
S2 XoL agregat 3->200 thn,wang,0.45,573-F,1,4321598.76,5523430.678144174,5266811.129131435
S2 XoL agregat 3->500 thn,wang,0.45,573-A,1,4144192.22,5900455.552365722,5487564.461377287
S2 XoL agregat 3->500 thn,wang,0.45,573-A,2,10829805.45,15413951.816659972,14337632.465162167
S2 XoL agregat 3->500 thn,wang,0.45,573-F,1,4321598.76,5651984.146593952,5340551.617183798
S2 XoL agregat 3->inf thn,wang,0.45,573-A,1,4144192.22,5905993.639693293,5492912.101151276
S2 XoL agregat 3->inf thn,wang,0.45,573-A,2,10829805.45,15428730.366595548,14351902.110069236
S2 XoL agregat 3->inf thn,wang,0.45,573-F,1,4321598.76,5654274.629278488,5342762.860877214
S2 XoL agregat 4->50 thn,wang,0.45,573-A,1,4144192.22,6054933.162725079,5515396.293753883
S2 XoL agregat 4->50 thn,wang,0.45,573-A,2,10829805.45,15845832.62110245,14426120.354553822
S2 XoL agregat 4->50 thn,wang,0.45,573-F,1,4321598.76,5522243.929217129,5233265.730029319
S2 XoL agregat 4->100 thn,wang,0.45,573-A,1,4144192.22,5993998.852002064,5489572.1747525195
S2 XoL agregat 4->100 thn,wang,0.45,573-A,2,10829805.45,15685156.397285601,14357973.449171156
S2 XoL agregat 4->100 thn,wang,0.45,573-F,1,4321598.76,5496237.505707205,5222568.914252275
S2 XoL agregat 4->200 thn,wang,0.45,573-A,1,4144192.22,5931178.704742668,5458573.409702095
S2 XoL agregat 4->200 thn,wang,0.45,573-A,2,10829805.45,15519617.438042754,14276288.597077565
S2 XoL agregat 4->200 thn,wang,0.45,573-F,1,4321598.76,5468807.654128001,5209058.768196098
S2 XoL agregat 4->500 thn,wang,0.45,573-A,1,4144192.22,5835598.038408403,5407284.25306671
S2 XoL agregat 4->500 thn,wang,0.45,573-A,2,10829805.45,15245378.907128874,14128531.816292135
S2 XoL agregat 4->500 thn,wang,0.45,573-F,1,4321598.76,5585572.1357232435,5276141.9460247215
S2 XoL agregat 4->inf thn,wang,0.45,573-A,1,4144192.22,5840956.413400901,5412530.408227953
S2 XoL agregat 4->inf thn,wang,0.45,573-A,2,10829805.45,15259678.80584845,14142531.164041935
S2 XoL agregat 4->inf thn,wang,0.45,573-F,1,4321598.76,5587788.9188922765,5278311.571168206
S2 XoL agregat 5->50 thn,wang,0.45,573-A,1,4144192.22,6019293.656683788,5467952.468727869
S2 XoL agregat 5->50 thn,wang,0.45,573-A,2,10829805.45,15754062.732518991,14302999.811319431
S2 XoL agregat 5->50 thn,wang,0.45,573-F,1,4321598.76,5492669.411927802,5200181.459922192
S2 XoL agregat 5->100 thn,wang,0.45,573-A,1,4144192.22,5958359.345960773,5442128.349726507
S2 XoL agregat 5->100 thn,wang,0.45,573-A,2,10829805.45,15593386.508702142,14234852.905936763
S2 XoL agregat 5->100 thn,wang,0.45,573-F,1,4321598.76,5466662.988417878,5189484.644145147
S2 XoL agregat 5->200 thn,wang,0.45,573-A,1,4144192.22,5895539.198701377,5411129.584676082
S2 XoL agregat 5->200 thn,wang,0.45,573-A,2,10829805.45,15427847.549459295,14153168.053843176
S2 XoL agregat 5->200 thn,wang,0.45,573-F,1,4321598.76,5439233.136838675,5175974.49808897
S2 XoL agregat 5->500 thn,wang,0.45,573-A,1,4144192.22,5801033.537422354,5360447.489718953
S2 XoL agregat 5->500 thn,wang,0.45,573-A,2,10829805.45,15155486.379940923,14006471.43008109
S2 XoL agregat 5->500 thn,wang,0.45,573-F,1,4321598.76,5546795.1153761875,5237860.968308524
S2 XoL agregat 5->inf thn,wang,0.45,573-A,1,4144192.22,5806212.243208152,5365592.184622294
S2 XoL agregat 5->inf thn,wang,0.45,573-A,2,10829805.45,15169307.742313903,14020200.545541046
S2 XoL agregat 5->inf thn,wang,0.45,573-F,1,4321598.76,5548938.21671654,5239988.984889929
S2 XoL agregat 7->50 thn,wang,0.45,573-A,1,4144192.22,5984043.707360477,5413770.995640716
S2 XoL agregat 7->50 thn,wang,0.45,573-A,2,10829805.45,15663657.151306927,14162441.847792659
S2 XoL agregat 7->50 thn,wang,0.45,573-F,1,4321598.76,5462107.503962531,5162993.989485923
S2 XoL agregat 7->100 thn,wang,0.45,573-A,1,4144192.22,5923109.396637462,5387946.876639352
S2 XoL agregat 7->100 thn,wang,0.45,573-A,2,10829805.45,15502980.927490076,14094294.94240999
S2 XoL agregat 7->100 thn,wang,0.45,573-F,1,4321598.76,5436101.080452606,5152297.173708879
S2 XoL agregat 7->200 thn,wang,0.45,573-A,1,4144192.22,5860289.2493780665,5356948.111588929
S2 XoL agregat 7->200 thn,wang,0.45,573-A,2,10829805.45,15337441.968247231,14012610.0903164
S2 XoL agregat 7->200 thn,wang,0.45,573-F,1,4321598.76,5408671.228873402,5138787.027652701
S2 XoL agregat 7->500 thn,wang,0.45,573-A,1,4144192.22,5767318.734557113,5307132.922866943
S2 XoL agregat 7->500 thn,wang,0.45,573-A,2,10829805.45,15069635.987792652,13868485.80861387
S2 XoL agregat 7->500 thn,wang,0.45,573-F,1,4321598.76,5502359.627610824,5192839.005749851
S2 XoL agregat 7->inf thn,wang,0.45,573-A,1,4144192.22,5772138.00309231,5312074.641440534
S2 XoL agregat 7->inf thn,wang,0.45,573-A,2,10829805.45,15082500.014226468,13881674.310837595
S2 XoL agregat 7->inf thn,wang,0.45,573-F,1,4321598.76,5504355.32476096,5194883.782317957
S2 XoL agregat 10->50 thn,wang,0.45,573-A,1,4144192.22,5967752.991050432,5377102.048041374
S2 XoL agregat 10->50 thn,wang,0.45,573-A,2,10829805.45,15622502.383551449,14067410.633717217
S2 XoL agregat 10->50 thn,wang,0.45,573-F,1,4321598.76,5444964.771803852,5137950.897004585
S2 XoL agregat 10->100 thn,wang,0.45,573-A,1,4144192.22,5906818.680327418,5351277.929040013
S2 XoL agregat 10->100 thn,wang,0.45,573-A,2,10829805.45,15461826.159734596,13999263.72833455
S2 XoL agregat 10->100 thn,wang,0.45,573-F,1,4321598.76,5418958.348293928,5127254.081227541
S2 XoL agregat 10->200 thn,wang,0.45,573-A,1,4144192.22,5843998.533068022,5320279.163989588
S2 XoL agregat 10->200 thn,wang,0.45,573-A,2,10829805.45,15296287.200491749,13917578.876240961
S2 XoL agregat 10->200 thn,wang,0.45,573-F,1,4321598.76,5391528.496714724,5113743.935171364
S2 XoL agregat 10->500 thn,wang,0.45,573-A,1,4144192.22,5753061.831039584,5271612.481315142
S2 XoL agregat 10->500 thn,wang,0.45,573-A,2,10829805.45,15033716.465521524,13776410.968459006
S2 XoL agregat 10->500 thn,wang,0.45,573-F,1,4321598.76,5468422.400598579,5158311.9632335575
S2 XoL agregat 10->inf thn,wang,0.45,573-A,1,4144192.22,5757341.975145708,5276249.753152313
S2 XoL agregat 10->inf thn,wang,0.45,573-A,2,10829805.45,15045144.571803026,13788788.598126126
S2 XoL agregat 10->inf thn,wang,0.45,573-F,1,4321598.76,5470197.004359646,5160231.887064308
S2 XoL agregat 15->50 thn,wang,0.45,573-A,1,4144192.22,5968447.252614128,5354653.041744963
S2 XoL agregat 15->50 thn,wang,0.45,573-A,2,10829805.45,15625657.04872017,14009453.787314078
S2 XoL agregat 15->50 thn,wang,0.45,573-F,1,4321598.76,5438554.205599663,5122053.166174354
S2 XoL agregat 15->100 thn,wang,0.45,573-A,1,4144192.22,5907512.941891114,5328828.9227436
S2 XoL agregat 15->100 thn,wang,0.45,573-A,2,10829805.45,15464980.824903317,13941306.881931407
S2 XoL agregat 15->100 thn,wang,0.45,573-F,1,4321598.76,5412547.782089739,5111356.350397309
S2 XoL agregat 15->200 thn,wang,0.45,573-A,1,4144192.22,5844692.794631718,5297830.157693176
S2 XoL agregat 15->200 thn,wang,0.45,573-A,2,10829805.45,15299441.86566047,13859622.029837823
S2 XoL agregat 15->200 thn,wang,0.45,573-F,1,4321598.76,5385117.930510535,5097846.204341132
S2 XoL agregat 15->500 thn,wang,0.45,573-A,1,4144192.22,5755765.117532148,5250297.983213854
S2 XoL agregat 15->500 thn,wang,0.45,573-A,2,10829805.45,15043233.960408628,13722047.249426246
S2 XoL agregat 15->500 thn,wang,0.45,573-F,1,4321598.76,5448527.582979961,5134799.596310472
S2 XoL agregat 15->inf thn,wang,0.45,573-A,1,4144192.22,5759147.777693744,5254428.440588234
S2 XoL agregat 15->inf thn,wang,0.45,573-A,2,10829805.45,15052271.681070725,13733075.014272999
S2 XoL agregat 15->inf thn,wang,0.45,573-F,1,4321598.76,5449934.13113785,5136511.676977074
S2 XoL agregat 20->50 thn,wang,0.45,573-A,1,4144192.22,5977422.096715847,5348316.153461046
S2 XoL agregat 20->50 thn,wang,0.45,573-A,2,10829805.45,15649887.859017607,13993283.008570112
S2 XoL agregat 20->50 thn,wang,0.45,573-F,1,4321598.76,5439724.421270934,5116774.475509203
S2 XoL agregat 20->100 thn,wang,0.45,573-A,1,4144192.22,5916487.785992833,5322492.034459683
S2 XoL agregat 20->100 thn,wang,0.45,573-A,2,10829805.45,15489211.635200754,13925136.103187442
S2 XoL agregat 20->100 thn,wang,0.45,573-F,1,4321598.76,5413717.997761011,5106077.659732159
S2 XoL agregat 20->200 thn,wang,0.45,573-A,1,4144192.22,5853667.638733435,5291493.269409259
S2 XoL agregat 20->200 thn,wang,0.45,573-A,2,10829805.45,15323672.675957907,13843451.251093855
S2 XoL agregat 20->200 thn,wang,0.45,573-F,1,4321598.76,5386288.146181806,5092567.513675982
S2 XoL agregat 20->500 thn,wang,0.45,573-A,1,4144192.22,5766583.119403982,5245001.936964826
S2 XoL agregat 20->500 thn,wang,0.45,573-A,2,10829805.45,15072382.235857261,13708653.39217943
S2 XoL agregat 20->500 thn,wang,0.45,573-F,1,4321598.76,5439201.432936483,5123593.546182876
S2 XoL agregat 20->inf thn,wang,0.45,573-A,1,4144192.22,5769065.780726082,5248624.159700433
S2 XoL agregat 20->inf thn,wang,0.45,573-A,2,10829805.45,15079022.872653374,13718327.509666566
S2 XoL agregat 20->inf thn,wang,0.45,573-F,1,4321598.76,5440238.894139947,5125097.2012752155
S3 XoL 2->20 + pemerintah >20 thn,wang,0.45,573-A,1,4144192.22,5932502.112100208,5544911.841858253
S3 XoL 2->20 + pemerintah >20 thn,wang,0.45,573-A,2,10829805.45,15494873.70635918,14485018.988848269
S3 XoL 2->20 + pemerintah >20 thn,wang,0.45,573-F,1,4321598.76,5730586.232181494,5415288.105546376
S3 XoL 2->50 + pemerintah >50 thn,wang,0.45,573-A,1,4144192.22,5992598.672277711,5601471.353509411
S3 XoL 2->50 + pemerintah >50 thn,wang,0.45,573-A,2,10829805.45,15652466.239530008,14633332.660469612
S3 XoL 2->50 + pemerintah >50 thn,wang,0.45,573-F,1,4321598.76,5760363.804580369,5443340.238163122
S3 XoL 2->100 + pemerintah >100 thn,wang,0.45,573-A,1,4144192.22,6015405.257845177,5622936.211236789
S3 XoL 2->100 + pemerintah >100 thn,wang,0.45,573-A,2,10829805.45,15712467.509370074,14689803.633857911
S3 XoL 2->100 + pemerintah >100 thn,wang,0.45,573-F,1,4321598.76,5770953.973090646,5453309.733173956
S3 XoL 3->20 + pemerintah >20 thn,wang,0.45,573-A,1,4144192.22,5798174.661578145,5391435.415866431
S3 XoL 3->20 + pemerintah >20 thn,wang,0.45,573-A,2,10829805.45,15145214.040523792,14085063.214942878
S3 XoL 3->20 + pemerintah >20 thn,wang,0.45,573-F,1,4321598.76,5603091.979601121,5294590.955298515
S3 XoL 3->50 + pemerintah >50 thn,wang,0.45,573-A,1,4144192.22,5858266.024135275,5447991.992390789
S3 XoL 3->50 + pemerintah >50 thn,wang,0.45,573-A,2,10829805.45,15302783.431011746,14233363.817755071
S3 XoL 3->50 + pemerintah >50 thn,wang,0.45,573-F,1,4321598.76,5632939.098266043,5322682.361100793
S3 XoL 3->100 + pemerintah >100 thn,wang,0.45,573-A,1,4144192.22,5881072.174122428,5469456.6041434035
S3 XoL 3->100 + pemerintah >100 thn,wang,0.45,573-A,2,10829805.45,15362782.549314309,14289833.576157484
S3 XoL 3->100 + pemerintah >100 thn,wang,0.45,573-F,1,4321598.76,5643535.316623152,5332655.272495721
S3 XoL 5->20 + pemerintah >20 thn,wang,0.45,573-A,1,4144192.22,5698267.827780001,5264044.664148929
S3 XoL 5->20 + pemerintah >20 thn,wang,0.45,573-A,2,10829805.45,14885233.973298343,13753046.859105244
S3 XoL 5->20 + pemerintah >20 thn,wang,0.45,573-F,1,4321598.76,5499432.847548776,5192764.2494813595
S3 XoL 5->50 + pemerintah >50 thn,wang,0.45,573-A,1,4144192.22,5758451.22633156,5320653.213940729
S3 XoL 5->50 + pemerintah >50 thn,wang,0.45,573-A,2,10829805.45,15043184.142016262,13901562.489623772
S3 XoL 5->50 + pemerintah >50 thn,wang,0.45,573-F,1,4321598.76,5528078.805777475,5220177.352919654
S3 XoL 5->100 + pemerintah >100 thn,wang,0.45,573-A,1,4144192.22,5781280.054599023,5342130.632251636
S3 XoL 5->100 + pemerintah >100 thn,wang,0.45,573-A,2,10829805.45,15103283.942580232,13958089.103891449
S3 XoL 5->100 + pemerintah >100 thn,wang,0.45,573-F,1,4321598.76,5538371.886739355,5229979.080844333
S3 XoL 10->20 + pemerintah >20 thn,wang,0.45,573-A,1,4144192.22,5655180.040962575,5177967.633852606
S3 XoL 10->20 + pemerintah >20 thn,wang,0.45,573-A,2,10829805.45,14789540.38420389,13537711.85178431
S3 XoL 10->20 + pemerintah >20 thn,wang,0.45,573-F,1,4321598.76,5340474.795643066,5067708.23049876
S3 XoL 10->50 + pemerintah >50 thn,wang,0.45,573-A,1,4144192.22,5709414.987939234,5231217.058049168
S3 XoL 10->50 + pemerintah >50 thn,wang,0.45,573-A,2,10829805.45,14918187.916992476,13669680.111425092
S3 XoL 10->50 + pemerintah >50 thn,wang,0.45,573-F,1,4321598.76,5451656.625374948,5141729.826080028
S3 XoL 10->100 + pemerintah >100 thn,wang,0.45,573-A,1,4144192.22,5732336.062175353,5252746.5682012
S3 XoL 10->100 + pemerintah >100 thn,wang,0.45,573-A,2,10829805.45,14978583.848533612,13726373.95259752
S3 XoL 10->100 + pemerintah >100 thn,wang,0.45,573-F,1,4321598.76,5460835.157130514,5150902.1615117295
S1 quota share 50%,coc_div,,573-A,1,4144192.22,5718823.80843482,5221381.142526889
S1 quota share 50%,coc_div,,573-A,2,10829805.45,14960469.373514872,13653667.773896353
S1 quota share 50%,coc_div,,573-F,1,4321598.76,5547270.384992232,5209775.297875042
S2 XoL agregat 1.5->50 thn,coc_div,,573-A,1,4144192.22,5644017.584835449,5192419.952518724
S2 XoL agregat 1.5->50 thn,coc_div,,573-A,2,10829805.45,14762366.00601037,13576022.402318092
S2 XoL agregat 1.5->50 thn,coc_div,,573-F,1,4321598.76,5388237.861730054,5117457.08959726
S2 XoL agregat 1.5->100 thn,coc_div,,573-A,1,4144192.22,5583217.965318184,5166722.601711009
S2 XoL agregat 1.5->100 thn,coc_div,,573-A,2,10829805.45,14601466.950337924,13507665.77283604
S2 XoL agregat 1.5->100 thn,coc_div,,573-F,1,4321598.76,5368407.746606905,5112573.269948944
S2 XoL agregat 1.5->200 thn,coc_div,,573-A,1,4144192.22,5528969.942172301,5143791.718179185
S2 XoL agregat 1.5->200 thn,coc_div,,573-A,2,10829805.45,14457906.172595691,13446666.268037148
S2 XoL agregat 1.5->200 thn,coc_div,,573-F,1,4321598.76,5350754.269137683,5108264.41717275
S2 XoL agregat 1.5->500 thn,coc_div,,573-A,1,4144192.22,5456899.43780876,5108880.8745779
S2 XoL agregat 1.5->500 thn,coc_div,,573-A,2,10829805.45,14256145.73345613,13347811.084320158
S2 XoL agregat 1.5->500 thn,coc_div,,573-F,1,4321598.76,5375558.641389905,5126529.93614548
S2 XoL agregat 1.5->inf thn,coc_div,,573-A,1,4144192.22,5458536.714478457,5113493.820802128
S2 XoL agregat 1.5->inf thn,coc_div,,573-A,2,10829805.45,14258192.81321048,13358579.188732913
S2 XoL agregat 1.5->inf thn,coc_div,,573-F,1,4321598.76,5385430.82655287,5134813.9498246005
S2 XoL agregat 2->50 thn,coc_div,,573-A,1,4144192.22,5680997.912980316,5208702.573826512
S2 XoL agregat 2->50 thn,coc_div,,573-A,2,10829805.45,14862394.793349821,13620578.002898041
S2 XoL agregat 2->50 thn,coc_div,,573-F,1,4321598.76,5365582.648534809,5098042.882787143
S2 XoL agregat 2->100 thn,coc_div,,573-A,1,4144192.22,5620318.46771556,5183118.328197629
S2 XoL agregat 2->100 thn,coc_div,,573-A,2,10829805.45,14701843.225658424,13552548.420927564
S2 XoL agregat 2->100 thn,coc_div,,573-F,1,4321598.76,5344340.561663106,5091830.148551953
S2 XoL agregat 2->200 thn,coc_div,,573-A,1,4144192.22,5566177.784537185,5160288.470517577
S2 XoL agregat 2->200 thn,coc_div,,573-A,2,10829805.45,14558591.095774068,13491839.408230206
S2 XoL agregat 2->200 thn,coc_div,,573-F,1,4321598.76,5325427.71412057,5086336.006294993
S2 XoL agregat 2->500 thn,coc_div,,573-A,1,4144192.22,5475972.568951615,5115167.205023778
S2 XoL agregat 2->500 thn,coc_div,,573-A,2,10829805.45,14301959.463035945,13362085.849607147
S2 XoL agregat 2->500 thn,coc_div,,573-F,1,4321598.76,5474904.388798169,5174648.109533794
S2 XoL agregat 2->inf thn,coc_div,,573-A,1,4144192.22,5485638.412178644,5124333.3122338895
S2 XoL agregat 2->inf thn,coc_div,,573-A,2,10829805.45,14327145.17461739,13385977.478368726
S2 XoL agregat 2->inf thn,coc_div,,573-F,1,4321598.76,5481467.994642523,5180835.018618697
S2 XoL agregat 3->50 thn,coc_div,,573-A,1,4144192.22,5732872.539188575,5231017.650685934
S2 XoL agregat 3->50 thn,coc_div,,573-A,2,10829805.45,15001464.895661829,13681027.288389225
S2 XoL agregat 3->50 thn,coc_div,,573-F,1,4321598.76,5362000.147726944,5088790.509311615
S2 XoL agregat 3->100 thn,coc_div,,573-A,1,4144192.22,5672299.894267992,5205533.923028035
S2 XoL agregat 3->100 thn,coc_div,,573-A,2,10829805.45,14841260.28863042,13613324.257628147
S2 XoL agregat 3->100 thn,coc_div,,573-F,1,4321598.76,5339463.369454552,5081359.2419934245
S2 XoL agregat 3->200 thn,coc_div,,573-A,1,4144192.22,5618255.245396935,5182794.450578402
S2 XoL agregat 3->200 thn,coc_div,,573-A,2,10829805.45,14698318.346456058,13552907.186304899
S2 XoL agregat 3->200 thn,coc_div,,573-F,1,4321598.76,5319388.220330852,5074771.168836546
S2 XoL agregat 3->500 thn,coc_div,,573-A,1,4144192.22,5529737.391832807,5138653.251463955
S2 XoL agregat 3->500 thn,coc_div,,573-A,2,10829805.45,14443500.871074602,13424266.869317114
S2 XoL agregat 3->500 thn,coc_div,,573-F,1,4321598.76,5454385.662780351,5154576.573594527
S2 XoL agregat 3->inf thn,coc_div,,573-A,1,4144192.22,5539272.853049478,5147763.125486509
S2 XoL agregat 3->inf thn,coc_div,,573-A,2,10829805.45,14468382.623715933,13448045.410888426
S2 XoL agregat 3->inf thn,coc_div,,573-F,1,4321598.76,5460261.022797792,5160161.819483617
S2 XoL agregat 4->50 thn,coc_div,,573-A,1,4144192.22,5769220.330370103,5246490.098596258
S2 XoL agregat 4->50 thn,coc_div,,573-A,2,10829805.45,15098392.516118027,13722647.314568482
S2 XoL agregat 4->50 thn,coc_div,,573-F,1,4321598.76,5367505.666614043,5087629.718167591
S2 XoL agregat 4->100 thn,coc_div,,573-A,1,4144192.22,5708701.585362763,5221057.100268472
S2 XoL agregat 4->100 thn,coc_div,,573-A,2,10829805.45,14938378.474490907,13655123.639482033
S2 XoL agregat 4->100 thn,coc_div,,573-F,1,4321598.76,5344299.329442522,5079568.277767866
S2 XoL agregat 4->200 thn,coc_div,,573-A,1,4144192.22,5654706.008741315,5198363.813465529
S2 XoL agregat 4->200 thn,coc_div,,573-A,2,10829805.45,14795608.92990119,13594868.824709035
S2 XoL agregat 4->200 thn,coc_div,,573-F,1,4321598.76,5323615.7406511465,5072407.555511999
S2 XoL agregat 4->500 thn,coc_div,,573-A,1,4144192.22,5567554.92771734,5155008.384181004
S2 XoL agregat 4->500 thn,coc_div,,573-A,2,10829805.45,14543149.516334834,13467610.036721276
S2 XoL agregat 4->500 thn,coc_div,,573-F,1,4321598.76,5446362.34490145,5145120.966427741
S2 XoL agregat 4->inf thn,coc_div,,573-A,1,4144192.22,5576934.405512363,5164039.1066858
S2 XoL agregat 4->inf thn,coc_div,,573-A,2,10829805.45,14567642.017749684,13491202.422301918
S2 XoL agregat 4->inf thn,coc_div,,573-F,1,4321598.76,5451863.486245642,5150381.752206669
S2 XoL agregat 5->50 thn,coc_div,,573-A,1,4144192.22,5796086.300338449,5257874.956873435
S2 XoL agregat 5->50 thn,coc_div,,573-A,2,10829805.45,15169892.445382945,13753192.482250208
S2 XoL agregat 5->50 thn,coc_div,,573-F,1,4321598.76,5373822.334494321,5088325.387043621
S2 XoL agregat 5->100 thn,coc_div,,573-A,1,4144192.22,5735599.881732838,5232472.3833943335
S2 XoL agregat 5->100 thn,coc_div,,573-A,2,10829805.45,15010004.555304717,13685787.538033303
S2 XoL agregat 5->100 thn,coc_div,,573-F,1,4321598.76,5350202.038095892,5079874.337959749
S2 XoL agregat 5->200 thn,coc_div,,573-A,1,4144192.22,5681634.146855763,5209807.182939035
S2 XoL agregat 5->200 thn,coc_div,,573-A,2,10829805.45,14867350.794247687,13625641.695996955
S2 XoL agregat 5->200 thn,coc_div,,573-F,1,4321598.76,5329137.009570818,5072354.613601577
S2 XoL agregat 5->500 thn,coc_div,,573-A,1,4144192.22,5595580.680724925,5167080.095180196
S2 XoL agregat 5->500 thn,coc_div,,573-A,2,10829805.45,14616858.835396733,13499527.858745381
S2 XoL agregat 5->500 thn,coc_div,,573-F,1,4321598.76,5442389.634627957,5139596.986427836
S2 XoL agregat 5->inf thn,coc_div,,573-A,1,4144192.22,5604794.998037804,5176023.01269726
S2 XoL agregat 5->inf thn,coc_div,,573-A,2,10829805.45,14640934.672370564,13522908.244417904
S2 XoL agregat 5->inf thn,coc_div,,573-F,1,4321598.76,5447625.81290037,5144636.134239417
S2 XoL agregat 7->50 thn,coc_div,,573-A,1,4144192.22,5836579.47591075,5274981.130746855
S2 XoL agregat 7->50 thn,coc_div,,573-A,2,10829805.45,15277446.430761978,13798949.404926823
S2 XoL agregat 7->50 thn,coc_div,,573-F,1,4321598.76,5385597.332661217,5090984.416496451
S2 XoL agregat 7->100 thn,coc_div,,573-A,1,4144192.22,5776133.824751704,5249616.926629227
S2 XoL agregat 7->100 thn,coc_div,,573-A,2,10829805.45,15117727.327858616,13731703.31922744
S2 XoL agregat 7->100 thn,coc_div,,573-F,1,4321598.76,5361444.854444407,5082032.490407043
S2 XoL agregat 7->200 thn,coc_div,,573-A,1,4144192.22,5722206.5582460845,5226987.931700005
S2 XoL agregat 7->200 thn,coc_div,,573-A,2,10829805.45,14975231.841236502,13671706.441365127
S2 XoL agregat 7->200 thn,coc_div,,573-F,1,4321598.76,5339878.69502089,5074041.113438571
S2 XoL agregat 7->500 thn,coc_div,,573-A,1,4144192.22,5637717.556202893,5185155.343239442
S2 XoL agregat 7->500 thn,coc_div,,573-A,2,10829805.45,14729420.387492683,13548282.89068449
S2 XoL agregat 7->500 thn,coc_div,,573-F,1,4321598.76,5438870.915022768,5133084.923314034
S2 XoL agregat 7->inf thn,coc_div,,573-A,1,4144192.22,5646591.275248026,5193913.015234148
S2 XoL agregat 7->inf thn,coc_div,,573-A,2,10829805.45,14752627.24113414,13571205.818515403
S2 XoL agregat 7->inf thn,coc_div,,573-F,1,4321598.76,5443702.944317769,5137799.188959661
S2 XoL agregat 10->50 thn,coc_div,,573-A,1,4144192.22,5877620.633409668,5292271.593791245
S2 XoL agregat 10->50 thn,coc_div,,573-A,2,10829805.45,15386248.839459356,13845054.356924659
S2 XoL agregat 10->50 thn,coc_div,,573-F,1,4321598.76,5399398.830034745,5095065.304751309
S2 XoL agregat 10->100 thn,coc_div,,573-A,1,4144192.22,5817208.459292008,5266938.897477274
S2 XoL agregat 10->100 thn,coc_div,,573-A,2,10829805.45,15226676.202713838,13777946.121726777
S2 XoL agregat 10->100 thn,coc_div,,573-F,1,4321598.76,5374801.123869356,5085694.340592649
S2 XoL agregat 10->200 thn,coc_div,,573-A,1,4144192.22,5763314.064762656,5244340.840878655
S2 XoL agregat 10->200 thn,coc_div,,573-A,2,10829805.45,15084323.332612174,13718083.471177831
S2 XoL agregat 10->200 thn,coc_div,,573-F,1,4321598.76,5352799.039895919,5077292.681694842
S2 XoL agregat 10->500 thn,coc_div,,573-A,1,4144192.22,5680884.187355631,5203680.581377303
S2 XoL agregat 10->500 thn,coc_div,,573-A,2,10829805.45,14843863.547305452,13597725.868961526
S2 XoL agregat 10->500 thn,coc_div,,573-F,1,4321598.76,5434654.1948288,5126530.1225090595
S2 XoL agregat 10->inf thn,coc_div,,573-A,1,4144192.22,5689235.059913837,5212149.12705173
S2 XoL agregat 10->inf thn,coc_div,,573-A,2,10829805.45,14865720.21114106,13619918.611620748
S2 XoL agregat 10->inf thn,coc_div,,573-F,1,4321598.76,5439033.478951164,5130901.510209267
S2 XoL agregat 15->50 thn,coc_div,,573-A,1,4144192.22,5921980.854918912,5310919.96156123
S2 XoL agregat 15->50 thn,coc_div,,573-A,2,10829805.45,15503723.039148154,13894692.366540415
S2 XoL agregat 15->50 thn,coc_div,,573-F,1,4321598.76,5415724.763983637,5100566.632888681
S2 XoL agregat 15->100 thn,coc_div,,573-A,1,4144192.22,5861596.202912405,5285613.168410697
S2 XoL agregat 15->100 thn,coc_div,,573-A,2,10829805.45,15344291.634820659,13827717.05597126
S2 XoL agregat 15->100 thn,coc_div,,573-F,1,4321598.76,5390739.273835523,5090830.69556981
S2 XoL agregat 15->200 thn,coc_div,,573-A,1,4144192.22,5807730.726414779,5263042.328783116
S2 XoL agregat 15->200 thn,coc_div,,573-A,2,10829805.45,15202084.499673352,13767991.567732295
S2 XoL agregat 15->200 thn,coc_div,,573-F,1,4321598.76,5368332.51759852,5082048.168659235
S2 XoL agregat 15->500 thn,coc_div,,573-A,1,4144192.22,5727332.510487941,5223537.882466365
S2 XoL agregat 15->500 thn,coc_div,,573-A,2,10829805.45,14968111.519391475,13651343.775527751
S2 XoL agregat 15->500 thn,coc_div,,573-F,1,4321598.76,5436376.310136151,5123363.104222179
S2 XoL agregat 15->inf thn,coc_div,,573-A,1,4144192.22,5734800.454474465,5231513.312852442
S2 XoL agregat 15->inf thn,coc_div,,573-A,2,10829805.45,14987673.694875605,13672276.909618765
S2 XoL agregat 15->inf thn,coc_div,,573-F,1,4321598.76,5440160.29876591,5127312.7759211315
S2 XoL agregat 20->50 thn,coc_div,,573-A,1,4144192.22,5950339.707830725,5322826.846275048
S2 XoL agregat 20->50 thn,coc_div,,573-A,2,10829805.45,15578755.303586256,13926334.721105313
S2 XoL agregat 20->50 thn,coc_div,,573-F,1,4321598.76,5426674.020886461,5104491.745735582
S2 XoL agregat 20->100 thn,coc_div,,573-A,1,4144192.22,5889969.19475721,5297533.360355568
S2 XoL agregat 20->100 thn,coc_div,,573-A,2,10829805.45,15419404.840075526,13859435.590128405
S2 XoL agregat 20->100 thn,coc_div,,573-F,1,4321598.76,5401480.552884333,5094560.064554109
S2 XoL agregat 20->200 thn,coc_div,,573-A,1,4144192.22,5836119.929901538,5274977.778743943
S2 XoL agregat 20->200 thn,coc_div,,573-A,2,10829805.45,15277287.250546398,13799794.38011832
S2 XoL agregat 20->200 thn,coc_div,,573-F,1,4321598.76,5378838.737144141,5085556.305169945
S2 XoL agregat 20->500 thn,coc_div,,573-A,1,4144192.22,5757577.789920252,5236526.332744844
S2 XoL agregat 20->500 thn,coc_div,,573-A,2,10829805.45,15048311.307318881,13685998.400613895
S2 XoL agregat 20->500 thn,coc_div,,573-F,1,4321598.76,5436190.271371817,5120759.511769071
S2 XoL agregat 20->inf thn,coc_div,,573-A,1,4144192.22,5764153.974379981,5244001.2831393955
S2 XoL agregat 20->inf thn,coc_div,,573-A,2,10829805.45,15065540.747913767,13705638.45108811
S2 XoL agregat 20->inf thn,coc_div,,573-F,1,4321598.76,5439466.023948197,5124369.79403592
S3 XoL 2->20 + pemerintah >20 thn,coc_div,,573-A,1,4144192.22,5384076.000363163,5028746.089635151
S3 XoL 2->20 + pemerintah >20 thn,coc_div,,573-A,2,10829805.45,14062363.524436807,13136774.11174486
S3 XoL 2->20 + pemerintah >20 thn,coc_div,,573-F,1,4321598.76,5413832.816416263,5117167.243649687
S3 XoL 2->50 + pemerintah >50 thn,coc_div,,573-A,1,4144192.22,5416707.740191107,5059456.358604371
S3 XoL 2->50 + pemerintah >50 thn,coc_div,,573-A,2,10829805.45,14147443.849625796,13216840.999383299
S3 XoL 2->50 + pemerintah >50 thn,coc_div,,573-F,1,4321598.76,5435339.438431265,5137434.9523757305
S3 XoL 2->100 + pemerintah >100 thn,coc_div,,573-A,1,4144192.22,5439769.191216832,5081161.089704229
S3 XoL 2->100 + pemerintah >100 thn,coc_div,,573-A,2,10829805.45,14207569.77559132,13273429.296183787
S3 XoL 2->100 + pemerintah >100 thn,coc_div,,573-F,1,4321598.76,5450693.943579762,5151888.528928419
S3 XoL 3->20 + pemerintah >20 thn,coc_div,,573-A,1,4144192.22,5437245.132594333,5051737.035646373
S3 XoL 3->20 + pemerintah >20 thn,coc_div,,573-A,2,10829805.45,14202091.974162359,13197418.917190943
S3 XoL 3->20 + pemerintah >20 thn,coc_div,,573-F,1,4321598.76,5398263.806733658,5101811.498482078
S3 XoL 3->50 + pemerintah >50 thn,coc_div,,573-A,1,4144192.22,5470018.156401801,5082582.23452399
S3 XoL 3->50 + pemerintah >50 thn,coc_div,,573-A,2,10829805.45,14287617.327908587,13277913.367775628
S3 XoL 3->50 + pemerintah >50 thn,coc_div,,573-F,1,4321598.76,5418072.292759685,5120454.779447751
S3 XoL 3->100 + pemerintah >100 thn,coc_div,,573-A,1,4144192.22,5493185.972191384,5104387.237620068
S3 XoL 3->100 + pemerintah >100 thn,coc_div,,573-A,2,10829805.45,14348088.062996594,13334827.000799634
S3 XoL 3->100 + pemerintah >100 thn,coc_div,,573-F,1,4321598.76,5432138.156354327,5133693.239301532
S3 XoL 5->20 + pemerintah >20 thn,coc_div,,573-A,1,4144192.22,5502265.827319581,5079572.1931273565
S3 XoL 5->20 + pemerintah >20 thn,coc_div,,573-A,2,10829805.45,14372707.16937934,13270668.690710893
S3 XoL 5->20 + pemerintah >20 thn,coc_div,,573-F,1,4321598.76,5392029.052726218,5091678.324942482
S3 XoL 5->50 + pemerintah >50 thn,coc_div,,573-A,1,4144192.22,5535243.869986223,5110575.702086295
S3 XoL 5->50 + pemerintah >50 thn,coc_div,,573-A,2,10829805.45,14459013.854880216,13351755.160554549
S3 XoL 5->50 + pemerintah >50 thn,coc_div,,573-F,1,4321598.76,5409231.728343994,5108321.280041084
S3 XoL 5->100 + pemerintah >100 thn,coc_div,,573-A,1,4144192.22,5558520.590371089,5132474.665919462
S3 XoL 5->100 + pemerintah >100 thn,coc_div,,573-A,2,10829805.45,14519901.989182808,13409023.735987991
S3 XoL 5->100 + pemerintah >100 thn,coc_div,,573-F,1,4321598.76,5421910.936417368,5120368.774658936
S3 XoL 10->20 + pemerintah >20 thn,coc_div,,573-A,1,4144192.22,5592166.225906601,5118660.513799926
S3 XoL 10->20 + pemerintah >20 thn,coc_div,,573-A,2,10829805.45,14624588.169990845,13382462.70899556
S3 XoL 10->20 + pemerintah >20 thn,coc_div,,573-F,1,4321598.76,5307467.355177497,5036642.404178224
S3 XoL 10->50 + pemerintah >50 thn,coc_div,,573-A,1,4144192.22,5619282.630298469,5146386.603799039
S3 XoL 10->50 + pemerintah >50 thn,coc_div,,573-A,2,10829805.45,14681934.372900384,13447323.834632535
S3 XoL 10->50 + pemerintah >50 thn,coc_div,,573-F,1,4321598.76,5406090.683605841,5098844.233826751
S3 XoL 10->100 + pemerintah >100 thn,coc_div,,573-A,1,4144192.22,5642725.841139942,5168407.53663846
S3 XoL 10->100 + pemerintah >100 thn,coc_div,,573-A,2,10829805.45,14743433.89151285,13505056.345989749
S3 XoL 10->100 + pemerintah >100 thn,coc_div,,573-F,1,4321598.76,5416677.932705942,5109342.420876839
