struktur,harga,lam,E_ret,modal_ret,E_ced,P_RI,loading_RI,multiple_RI,E_gov,p_sentuh_RI,p_sentuh_gov,margin_A ketat,bruto_A ketat,margin_B ramah,bruto_B ramah,d_bruto_pct_A ketat,d_bruto_pct_B ramah
S0 tanpa reasuransi,wang,0.3,286016885601.5106,437041579227.7295,0.0,0.0,0.0,,0.0,0.0,0.0,43704157922.77295,412151304405.35443,26222494753.66377,367340447476.6757,0.0,0.0
S1 quota share 50%,wang,0.2,143008442800.7553,218520789613.86475,143008442800.7553,156621467198.1368,13613024397.3815,1.0951903547145652,0.0,0.99994,0.0,35465103358.767975,401852486200.3482,26724271774.213387,367930773383.2047,-2.4987954896479536,0.16070266984864467
S2 XoL agregat 1.5->50 thn,wang,0.2,192736400721.01556,156018034006.00232,93280484880.49504,113324974296.95139,20044489416.456345,1.2148840611424356,0.0,0.66649,0.0,35646292817.05658,402078973023.209,29405571456.816483,371085243598.03186,-2.44384314073145,1.0194347361091927
S2 XoL agregat 1.5->100 thn,wang,0.2,192087350484.45593,111937615192.82874,93929535117.05469,114382228254.14192,20452693137.087234,1.2177450693394698,0.0,0.66649,0.0,31646454656.37011,397079175322.3509,27168950048.65696,368453924294.3148,-3.6569407695432044,0.3031184900241124
S2 XoL agregat 1.5->200 thn,wang,0.2,191798295974.62787,72609635824.31122,94218589626.8827,114875559978.34113,20656970351.45842,1.2192451663017094,0.0,0.66649,0.0,27917933933.88954,392418524419.2502,25013548500.91709,365918157767.5621,-4.787751433802789,-0.3871857071236273
S2 XoL agregat 1.5->500 thn,wang,0.2,191649796826.78497,28338330841.93637,94367088774.72562,115141597988.31369,20774509213.588074,1.2201457042208992,0.0,0.66649,0.0,23608342297.78171,387031534874.1154,22474809064.104256,362931405488.9587,-6.0947931652142735,-1.200260417278709
S2 XoL agregat 1.5->inf thn,wang,0.2,191555168418.88873,24227252232.222412,94461717182.62184,115326189442.84573,20864472260.223892,1.2208775457668934,0.0,0.66649,0.0,23287197483.446133,386630103856.19586,22318107394.157238,362747050583.1387,-6.1921921091527725,-1.2504468062501384
S2 XoL agregat 2->50 thn,wang,0.2,227484429580.5558,180838389862.01764,58532456020.95479,74087518915.83936,15555062894.884567,1.2657510713255533,0.0,0.49993,0.0,33638901881.08633,399569734353.24615,26405366286.605625,367555590456.60736,-3.0526580694099192,0.05856773502876944
S2 XoL agregat 2->100 thn,wang,0.2,226835379343.99615,136757971048.84418,59181506257.51443,75144772873.02989,15963266615.515465,1.2697340372861592,0.0,0.49993,0.0,29639063720.399883,394569936652.3881,24168744878.446114,364924271152.89026,-4.265755698221662,-0.6577485110563219
S2 XoL agregat 2->200 thn,wang,0.2,226546324834.16815,97429991680.32654,59470560767.34246,75638104597.2291,16167543829.886635,1.2718579347710615,0.0,0.49993,0.0,25910542997.91929,389909285749.2874,22013343330.706226,362388504626.1375,-5.396566362481236,-1.3480527082040505
S2 XoL agregat 2->500 thn,wang,0.2,226397825686.32523,49142175953.32651,59619059915.18536,75904142607.20166,16285082692.016296,1.2731522891367897,0.0,0.49993,0.0,21199300287.348946,384020232361.0744,19233613249.215885,359118233942.0312,-6.82542351403379,-2.2383087925994305
S2 XoL agregat 2->inf thn,wang,0.2,226303197278.42896,49047608088.23767,59713688323.0816,76088734061.7337,16375045738.652107,1.2742259973970245,0.0,0.49993,0.0,21279806547.475876,384120865186.2331,19317902223.946365,359217397441.7141,-6.801007037831219,-2.2113138073305616
S2 XoL agregat 3->50 thn,wang,0.2,253291190806.3544,217305219293.99686,32725694795.1562,43392018347.00922,10666323551.853016,1.3259311565000527,0.0,0.33308,0.0,32396845481.252705,398017163853.4541,23704636709.49283,364378261542.357,-3.429357228965424,-0.8063870871466761
S2 XoL agregat 3->100 thn,wang,0.2,252642140569.7947,173224800480.82327,33374745031.71584,44449272304.19975,11074527272.483913,1.3318235768381106,0.0,0.33308,0.0,28397007320.566242,393017366152.596,21468015301.33331,361746942238.63995,-4.64245485777719,-1.5227033332317452
S2 XoL agregat 3->200 thn,wang,0.2,252353086059.9667,133896821112.30582,33663799541.543854,44942604028.39896,11278804486.855103,1.335042527595144,0.0,0.33308,0.0,24668486598.085686,388356715249.49536,19312613753.593452,359211175711.88715,-5.773265522036752,-2.213007530379496
S2 XoL agregat 3->500 thn,wang,0.2,252204586912.1238,85703688658.41837,33812298689.386765,45208642038.37153,11396343348.984764,1.3370472813361822,0.0,0.33308,0.0,19966712214.8266,382479497270.4215,16538564668.489866,355947588552.9418,-7.199251056051603,-3.1014441785524705
S2 XoL agregat 3->inf thn,wang,0.2,252109958504.22757,85514437520.21677,33906927097.283,45393233492.903564,11486306395.620564,1.3387598753099916,0.0,0.33308,0.0,20037750147.642242,382568294686.44104,16617172646.833569,356040068527.46375,-7.177706197386735,-3.076268629506007
S2 XoL agregat 4->50 thn,wang,0.2,263960480042.56735,243315564135.56168,22056405558.943226,30089064189.196114,8032658630.252888,1.3641871114849844,0.0,0.24997,0.0,32364215043.809055,397976375806.6496,22631592478.38659,363115856564.58496,-3.4392536059436263,-1.1500478482862952
S2 XoL agregat 4->100 thn,wang,0.2,263311429806.00772,199235145322.38815,22705455795.50287,31146318146.386642,8440862350.883774,1.3717548076068837,0.0,0.24997,0.0,28364376883.12259,392976578105.79144,20394971070.227062,360484537260.86786,-4.652351234755403,-1.8663640943713866
S2 XoL agregat 4->200 thn,wang,0.2,263022375296.17972,159907165953.8705,22994510305.33089,31639649870.585846,8645139565.254955,1.3759653695800047,0.0,0.24997,0.0,24635856160.642006,388315927202.6908,18239569522.487186,357948770734.11505,-5.783161899014965,-2.5566682915191374
S2 XoL agregat 4->500 thn,wang,0.2,262873876148.3368,111808652445.53076,23143009453.1738,31905687880.55842,8762678427.384617,1.3786317611421497,0.0,0.24997,0.0,19943543671.937695,382450536591.81036,15471197574.116463,354691862559.5613,-7.206277766461488,-3.443286739589868
S2 XoL agregat 4->inf thn,wang,0.2,262779247740.44055,111524782361.78174,23237637861.07003,32090279335.090454,8852641474.020424,1.380961332083208,0.0,0.24997,0.0,20005119710.1986,382527506639.63654,15544128415.72733,354777663549.6918,-7.187602574364926,-3.419929390645615
S2 XoL agregat 5->50 thn,wang,0.2,269571078327.4012,262669455032.94992,16445807274.10941,22876031378.115196,6430224104.005787,1.390994737858133,0.0,0.2,0.0,32697169607.30078,398392569011.0142,22190391405.98278,362596796479.404,-3.338272922414043,-1.2913500350578588
S2 XoL agregat 5->100 thn,wang,0.2,268922028090.84155,218589036219.77643,17094857510.669052,23933285335.30572,6838427824.636669,1.4000283605972583,0.0,0.2,0.0,28697331446.614315,393392771310.1561,19953769997.823254,359965477175.6869,-4.551370551225798,-2.00766628114295
S2 XoL agregat 5->200 thn,wang,0.2,268632973581.01352,179261056851.25888,17383912020.49707,24426617059.504925,7042705039.007854,1.4051277428638573,0.0,0.2,0.0,24968810724.133743,388732120407.0554,17798368450.08339,357429710648.93414,-5.682181215485382,-2.697970478290679
S2 XoL agregat 5->500 thn,wang,0.2,268484474433.17065,131257139581.28192,17532411168.33998,24692655069.477493,7160243901.137512,1.4084004095265275,0.0,0.2,0.0,20285957859.265705,382878554325.97034,15035672276.014427,354179479855.9118,-7.102428105042247,-3.5827711626010283
S2 XoL agregat 5->inf thn,wang,0.2,268389846025.2744,130878673259.16998,17627039576.23621,24877246524.009533,7250206947.773323,1.4113116622003645,0.0,0.2,0.0,20338074273.690323,382943699844.00116,15102927343.32352,354258603464.5108,-7.086621890835342,-3.5612315774171677
S2 XoL agregat 7->50 thn,wang,0.2,275602715102.8175,291964849364.2003,10414170498.693106,14887849661.027554,4473679162.334448,1.4295761398275415,0.0,0.14283,0.0,33670164098.75448,399608812125.3313,21991570124.18647,362362889089.0554,-3.0431766552623807,-1.355025949854416
S2 XoL agregat 7->100 thn,wang,0.2,274953664866.2578,247884430551.02692,11063220735.25275,15945103618.218082,4881882882.965332,1.4412713982474652,0.0,0.14283,0.0,29670325938.068024,394609014424.47327,19754948716.026947,359731569785.3384,-4.256274284074124,-2.071342195939496
S2 XoL agregat 7->200 thn,wang,0.2,274664610356.42984,208556451182.5093,11352275245.080765,16438435342.417282,5086160097.336517,1.4480300193162143,0.0,0.14283,0.0,25941805215.58745,389948363521.37256,17599547168.287075,357195803258.5855,-5.3870849483336976,-2.761646393087258
S2 XoL agregat 7->500 thn,wang,0.2,274516111208.5869,160741778427.26593,11500774392.923676,16704473352.389854,5203698959.466179,1.4524650933651884,0.0,0.14283,0.0,21277876802.192772,384118453004.6292,14848205665.102135,353958930901.89734,-6.801592303867777,-3.6428105499131114
S2 XoL agregat 7->inf thn,wang,0.2,274421482800.69067,160174067590.4206,11595402800.819904,16889064806.92189,5293662006.101986,1.4565311009055826,0.0,0.14283,0.0,21311068765.144047,384159942958.3183,14904106061.527222,354024696074.1622,-6.79152562368367,-3.624907492213758
S2 XoL agregat 10->50 thn,wang,0.2,279690373932.6866,321757950494.33124,6326511668.823973,9280863866.930542,2954352198.1065693,1.4669796489375242,0.0,0.09999,0.0,35130147247.539696,401433791061.31287,22259829227.76644,362678488034.4436,-2.6003832159416818,-1.269111385434385
S2 XoL agregat 10->100 thn,wang,0.2,279041323696.127,277677531681.1578,6975561905.383617,10338117824.121069,3362555918.7374516,1.482048036322678,0.0,0.09999,0.0,31130309086.853233,396433993360.4548,20023207819.60692,360047168730.72656,-3.8134808447534474,-1.9854276315194652
S2 XoL agregat 10->200 thn,wang,0.2,278752269186.29895,238349552312.6402,7264616415.211635,10831449548.32027,3566833133.108636,1.490987125712504,0.0,0.09999,0.0,27401788364.372658,391773342457.3541,17867806271.867046,357511402203.97375,-4.94429150901301,-2.675731828667205
S2 XoL agregat 10->500 thn,wang,0.2,278603770038.45605,190818729772.67145,7413115563.054545,11097487558.292843,3684371995.2382975,1.4970072250863666,0.0,0.09999,0.0,22766244972.505444,385978913217.52,15133495781.598583,354294566333.06964,-6.350190065659389,-3.551441512422726
S2 XoL agregat 10->inf thn,wang,0.2,278509141630.5598,189967168720.5514,7507743970.950775,11282079012.82488,3774335041.8741055,1.5027255932644872,0.0,0.09999,0.0,22771051913.929245,385984921894.2998,15172365165.10719,354340295019.55035,-6.3487321843629925,-3.538992927793727
S2 XoL agregat 15->50 thn,wang,0.2,282598490456.38574,354038698281.7433,3418395145.1248426,5148572355.0818405,1730177209.9569979,1.5061372768518282,0.0,0.06666,0.0,37134047038.13133,403938665799.5524,22972499106.861595,363516923186.32025,-1.9926271051479705,-1.0408666719442183
S2 XoL agregat 15->100 thn,wang,0.2,281949440219.82605,309958279468.5697,4067445381.6844864,6205826312.272369,2138380930.587883,1.525730705621005,0.0,0.06666,0.0,33134208877.444855,398938868098.6943,20735877698.702065,360885603882.6032,-3.205724733959747,-1.7571829180292875
S2 XoL agregat 15->200 thn,wang,0.2,281660385709.9981,270630300100.0522,4356499891.512504,6699158036.471569,2342658144.9590654,1.537738598254787,0.0,0.06666,0.0,29405688154.964283,394278217195.5936,18580476150.962196,358349837355.8504,-4.33653539821931,-2.4474871151770383
S2 XoL agregat 15->500 thn,wang,0.2,281511886562.1552,223572004860.13055,4504999039.355414,6965196046.444141,2460197007.088727,1.5461037806216131,0.0,0.06666,0.0,24817397493.101784,388542853868.2655,15874517298.69656,355166356353.1849,-5.728102831349968,-3.314116702126535
S2 XoL agregat 15->inf thn,wang,0.2,281417258154.259,222247916507.96338,4599627447.251644,7149787500.976179,2550160053.724535,1.5544275233091538,0.0,0.06666,0.0,24774951704.520874,388489796632.53937,15885035044.202337,355178730171.427,-5.7409760735692705,-3.3107482143035494
S2 XoL agregat 20->50 thn,wang,0.2,283875930150.94305,374702429549.519,2140955450.567573,3276225285.7303867,1135269835.1628137,1.530263175192109,0.0,0.05,0.0,38605512790.11471,405777997989.5316,23617415608.133953,364275648481.9348,-1.546351145247038,-0.8343211360996361
S2 XoL agregat 20->100 thn,wang,0.2,283226879914.3834,330622010736.34534,2790005687.127217,4333479242.920914,1543473555.7936969,1.5532152005693451,0.0,0.05,0.0,34605674629.42823,400778200288.6735,21380794199.97442,361644329178.2177,-2.7594487740588036,-1.5506373821847275
S2 XoL agregat 20->200 thn,wang,0.2,282937825404.55536,291294031367.82794,3079060196.955235,4826810967.120115,1747750770.1648803,1.5676247485817796,0.0,0.05,0.0,30877153906.947674,396117549385.5729,19225392652.234554,359108562651.4649,-3.8902594383183664,-2.2409415793324783
S2 XoL agregat 20->500 thn,wang,0.2,282789326256.71246,244709587525.7672,3227559344.798145,5092848977.092688,1865289632.2945428,1.5779257429614204,0.0,0.05,0.0,26336248384.871265,390441417482.97736,16547864883.840574,355958529982.7661,-5.267455589810588,-3.0984656255781062
S2 XoL agregat 20->inf thn,wang,0.2,282694697848.8162,242911647775.7389,3322187752.694375,5277440431.624725,1955252678.9303503,1.5885437020663846,0.0,0.05,0.0,26246417456.504242,390329128822.5186,16529951545.474682,355937455467.0415,-5.294700113668327,-3.1042026784589893
S3 XoL 2->20 + pemerintah >20 thn,wang,0.2,226303197278.42896,49047608088.23767,56391500570.38722,70811293630.10898,14419793059.721756,1.2557086247726843,3322187752.694375,0.49993,0.05,19324553868.545525,381676799337.5702,17362649545.016014,356917100172.3843,-7.3940091277285624,-2.837516907242643
S3 XoL 2->50 + pemerintah >50 thn,wang,0.2,226303197278.42896,49047608088.23767,58532456020.95479,74087518915.83936,15555062894.884567,1.2657510713255533,1181232302.126802,0.49993,0.02,20459823703.708336,383095886631.5236,18497919380.178825,358252711743.16406,-7.04969691064099,-2.4739273325158906
S3 XoL 2->100 + pemerintah >100 thn,wang,0.2,226303197278.42896,49047608088.23767,59181506257.51443,75144772873.02989,15963266615.515465,1.2697340372861592,532182065.5671582,0.49993,0.01,20868027424.339233,383606141282.3123,18906123100.809723,358732951414.4945,-6.925894160210566,-2.343193111814279
S3 XoL 3->20 + pemerintah >20 thn,wang,0.2,252109958504.22757,85514437520.21677,30584739344.58862,40115793061.27884,9531053716.69022,1.3116277568792345,3322187752.694375,0.33308,0.05,18082497468.7119,380124228837.77814,14661919967.903225,353739771258.1339,-7.770708287284078,-3.7024717294180887
S3 XoL 3->50 + pemerintah >50 thn,wang,0.2,252109958504.22757,85514437520.21677,32725694795.1562,43392018347.00922,10666323551.853016,1.3259311565000527,1181232302.126802,0.33308,0.02,19217767303.874695,381543316131.7316,15797189803.066021,355075382828.91376,-7.426396070196484,-3.338882154691314
S3 XoL 3->100 + pemerintah >100 thn,wang,0.2,252109958504.22757,85514437520.21677,33374745031.71584,44449272304.19975,11074527272.483913,1.3318235768381106,532182065.5671582,0.33308,0.01,19625971024.505592,382053570782.52026,16205393523.696918,355555622500.24414,-7.302593319766082,-3.2081479339897245
S3 XoL 5->20 + pemerintah >20 thn,wang,0.2,268389846025.2744,130878673259.16998,14304851823.541836,19599806092.384808,5294954268.842972,1.370150934393388,3322187752.694375,0.2,0.05,18382821594.75997,380499633995.3382,13147674664.39317,351958306195.18097,-7.679623980732697,-4.187434677329249
S3 XoL 5->50 + pemerintah >50 thn,wang,0.2,268389846025.2744,130878673259.16998,16445807274.10941,22876031378.115196,6430224104.005787,1.390994737858133,1181232302.126802,0.2,0.02,19518091429.922787,381918721289.29175,14282944499.555984,353293917765.9607,-7.335311763645103,-3.823845102602519
S3 XoL 5->100 + pemerintah >100 thn,wang,0.2,268389846025.2744,130878673259.16998,17094857510.669052,23933285335.30572,6838427824.636669,1.4000283605972583,532182065.5671582,0.2,0.01,19926295150.55367,382428975940.0803,14691148220.186867,353774157437.2912,-7.211509013214701,-3.693110881900885
S3 XoL 10->20 + pemerintah >20 thn,wang,0.2,278509141630.5598,189967168720.5514,4185556218.2564,6004638581.200156,1819082362.943756,1.4346094683926003,3322187752.694375,0.09999,0.05,20815799234.998898,383540856045.6369,13217112486.17684,352039997750.2205,-6.941734274260336,-4.1651960277057976
S3 XoL 10->50 + pemerintah >50 thn,wang,0.2,278509141630.5598,189967168720.5514,6326511668.823973,9280863866.930542,2954352198.1065693,1.4669796489375242,1181232302.126802,0.09999,0.02,21951069070.161713,384959943339.59045,14352382321.339653,353375609321.00037,-6.5974220571727304,-3.801606452979034
S3 XoL 10->100 + pemerintah >100 thn,wang,0.2,278509141630.5598,189967168720.5514,6975561905.383617,10338117824.121069,3362555918.7374516,1.482048036322678,532182065.5671582,0.09999,0.01,22359272790.792595,385470197990.379,14760586041.970535,353855848992.33075,-6.473619306742339,-3.6708722322774334
S1 quota share 50%,wang,0.3,143008442800.7553,218520789613.86475,143008442800.7553,163579298826.73077,20570856025.975464,1.1438436474316103,0.0,0.99994,0.0,42422934987.36194,410549775736.0907,33682103402.80735,376116457652.13885,-0.38857784802461826,2.3890672088377585
S2 XoL agregat 1.5->50 thn,wang,0.3,192736400721.01556,156018034006.00232,93280484880.49504,123984629941.3505,30704145060.855453,1.3291593638282608,0.0,0.66649,0.0,46305948461.45569,415403542578.7079,40065227101.21559,383626014944.3838,0.7890884096668715,4.433371707247713
S2 XoL agregat 1.5->100 thn,wang,0.3,192087350484.45593,111937615192.82874,93929535117.05469,125316281572.79214,31386746455.737457,1.3341520472407682,0.0,0.66649,0.0,42580507975.02033,410746741970.66364,38103003367.30718,381317516433.9033,-0.3407880600347135,3.804936007792903
S2 XoL agregat 1.5->200 thn,wang,0.3,191798295974.62787,72609635824.31122,94218589626.8827,125952172247.72752,31733582620.84482,1.3368080836967922,0.0,0.66649,0.0,38994546203.27594,406264289755.98315,36090160770.30349,378949466319.7813,-1.4283624936878403,3.1602887519874168
S2 XoL agregat 1.5->500 thn,wang,0.3,191649796826.78497,28338330841.93637,94367088774.72562,126303450436.67966,31936361661.95404,1.3384269036654606,0.0,0.66649,0.0,34770194746.147675,400983850434.5729,33636661512.470222,376062996604.68335,-2.7095520143734064,2.374513666524969
S2 XoL agregat 1.5->inf thn,wang,0.3,191555168418.88873,24227252232.222412,94461717182.62184,126557933520.83214,32096216338.210297,1.3397801489905061,0.0,0.66649,0.0,34518941561.43254,400669783953.67896,33549851472.143642,375960867145.4756,-2.785753758135212,2.346711266895607
S2 XoL agregat 2->50 thn,wang,0.3,227484429580.5558,180838389862.01764,58532456020.95479,82624736728.92958,24092280707.974792,1.411605497971069,0.0,0.49993,0.0,42176119694.17656,410241256619.60895,34942584099.69585,377599376119.06647,-0.4634336384064741,2.792757702796167
S2 XoL agregat 2->100 thn,wang,0.3,226835379343.99615,136757971048.84418,59181506257.51443,83956388360.37123,24774882102.856804,1.4186254063060633,0.0,0.49993,0.0,38450679207.74123,405584456011.56476,32980360365.787453,375290877608.586,-1.593310108108048,2.164322003341357
S2 XoL agregat 2->200 thn,wang,0.3,226546324834.16815,97429991680.32654,59470560767.34246,84592279035.30661,25121718267.96415,1.4224227574756523,0.0,0.49993,0.0,34864717435.9968,401102003796.8843,30967517768.78374,372922827494.464,-2.6808845417611638,1.5196747475358707
S2 XoL agregat 2->500 thn,wang,0.3,226397825686.32523,49142175953.32651,59619059915.18536,84943557224.25873,25324497309.073364,1.4247718321137608,0.0,0.49993,0.0,30238714904.406013,395319500632.39575,28273027866.272953,369752839373.86304,-4.083889482587799,0.6567182878331135
S2 XoL agregat 2->inf thn,wang,0.3,226303197278.42896,49047608088.23767,59713688323.0816,85198040308.41124,25484351985.329643,1.4267757142624697,0.0,0.49993,0.0,30389112794.15341,395507497994.5801,28427208470.6239,369934228320.15826,-4.038275806208547,0.7060972624440609
S2 XoL agregat 3->50 thn,wang,0.3,253291190806.3544,217305219293.99686,32725694795.1562,49466352077.5788,16740657282.422596,1.5115447475511021,0.0,0.33308,0.0,38471179211.82228,405610081016.6661,29778970440.06241,371524536519.4977,-1.5870927299686532,1.139022144597246
S2 XoL agregat 3->100 thn,wang,0.3,252642140569.7947,173224800480.82327,33374745031.71584,50798003709.02045,17423258677.304607,1.5220491920087293,0.0,0.33308,0.0,34745738725.38693,400953280408.62195,27816746706.154003,369216038009.0172,-2.716969199670205,0.5105864451424358
S2 XoL agregat 3->200 thn,wang,0.3,252353086059.9667,133896821112.30582,33663799541.543854,51433894383.955826,17770094842.411972,1.5278695537763713,0.0,0.33308,0.0,31159776953.642555,396470828193.94147,25803904109.150322,366847987894.89526,-3.804543633323332,-0.1340608106630392
S2 XoL agregat 3->500 thn,wang,0.3,252204586912.1238,85703688658.41837,33812298689.386765,51785172572.90794,17972873883.52118,1.531548418184376,0.0,0.33308,0.0,26543242749.363014,390700160438.59204,23115095203.026283,363684683299.4552,-5.204676956612275,-0.9951978341433909
S2 XoL agregat 3->inf thn,wang,0.3,252109958504.22757,85514437520.21677,33906927097.283,52039655657.06044,18132728559.77744,1.5347794716918017,0.0,0.33308,0.0,26684172311.799118,390876322391.63715,23263594810.990444,363859388720.5895,-5.161934897770736,-0.9476382957548601
S2 XoL agregat 4->50 thn,wang,0.3,263960480042.56735,243315564135.56168,22056405558.943226,34768986113.6835,12712580554.740276,1.576366830069721,0.0,0.24997,0.0,37044136968.29645,403826278212.2588,27311514402.873978,368621647063.9819,-2.0198956315586214,0.34877716192347474
S2 XoL agregat 4->100 thn,wang,0.3,263311429806.00772,199235145322.38815,22705455795.50287,36100637745.12515,13395181949.622284,1.5899543294909493,0.0,0.24997,0.0,33318696481.8611,399169477604.2146,25349290668.965572,366313148553.5014,-3.1497721012601954,-0.2796585375313354
S2 XoL agregat 4->200 thn,wang,0.3,263022375296.17972,159907165953.8705,22994510305.33089,36736528420.06055,13742018114.729656,1.597621690232029,0.0,0.24997,0.0,29732734710.116707,394687025389.5341,23336448071.961887,363945098439.37946,-4.237346534913311,-0.9243057933368104
S2 XoL agregat 4->500 thn,wang,0.3,262873876148.3368,111808652445.53076,23143009453.1738,37087806609.01266,13944797155.838856,1.602548997962168,0.0,0.24997,0.0,25125662400.391933,388928185002.3781,20653316302.5707,360788472828.33093,-5.6346101916339375,-1.7836246167149405
S2 XoL agregat 4->inf thn,wang,0.3,262779247740.44055,111524782361.78174,23237637861.07003,37342289693.16515,14104651832.095123,1.6069744229780178,0.0,0.24997,0.0,25257130068.2733,389092519587.2299,20796138773.80203,360956499265.07367,-5.5947377993606935,-1.7378832784286313
S2 XoL agregat 5->50 thn,wang,0.3,269571078327.4012,262669455032.94992,16445807274.10941,26681247296.44536,10235440022.335949,1.6223738276715411,0.0,0.2,0.0,36502385525.63094,403149088908.9269,25995607324.312943,367073521089.20416,-2.184201626976723,-0.07266457840543472
S2 XoL agregat 5->100 thn,wang,0.3,268922028090.84155,218589036219.77643,17094857510.669052,28012898927.88701,10918041417.217957,1.6386740228986354,0.0,0.2,0.0,32776945039.195602,398492288300.88275,24033383590.40454,364765022578.72375,-3.3140780966782857,-0.7011002778602227
S2 XoL agregat 5->200 thn,wang,0.3,268632973581.01352,179261056851.25888,17383912020.49707,28648789602.822395,11264877582.325325,1.648005901608516,0.0,0.2,0.0,29190983267.451214,394009836086.2023,22020540993.400856,362396972464.60175,-4.401652530331401,-1.3457475336657199
S2 XoL agregat 5->500 thn,wang,0.3,268484474433.17065,131257139581.28192,17532411168.33998,29000067791.774513,11467656623.434532,1.6540832583337322,0.0,0.2,0.0,24593370581.562725,388262820228.8417,19343084998.311447,359247024235.08484,-5.796047209162348,-2.2032485932834245
S2 XoL agregat 5->inf thn,wang,0.3,268389846025.2744,130878673259.16998,17627039576.23621,29254550875.927006,11627511299.690796,1.6596406191409678,0.0,0.2,0.0,24715378625.607796,388415330283.898,19480231695.240993,359408373290.296,-5.759043794778796,-2.1593250187575186
S2 XoL agregat 7->50 thn,wang,0.3,275602715102.8175,291964849364.2003,10414170498.693106,17593929587.90954,7179759089.216433,1.6894220802432065,0.0,0.14283,0.0,36376244025.63647,402991412033.93384,24697650051.06845,365546512532.446,-2.2224586634843613,-0.4883575866890144
S2 XoL agregat 7->100 thn,wang,0.3,274953664866.2578,247884430551.02692,11063220735.25275,18925581219.35119,7862360484.098438,1.710675550298402,0.0,0.14283,0.0,32650803539.20113,398334611425.88965,22735426317.160053,363238014021.9655,-3.352335133185924,-1.1167932861438246
S2 XoL agregat 7->200 thn,wang,0.3,274664610356.42984,208556451182.5093,11352275245.080765,19561471894.286575,8209196649.205811,1.7231322771849695,0.0,0.14283,0.0,29064841767.45674,393852159211.20917,20722583720.15637,360869963907.8435,-4.4399095668390505,-1.7614405419493218
S2 XoL agregat 7->500 thn,wang,0.3,274516111208.5869,160741778427.26593,11500774392.923676,19912750083.238693,8411975690.315018,1.7314268937829813,0.0,0.14283,0.0,24486153533.04161,388128798918.1903,18056482395.950974,357733374114.6607,-5.8285647116472,-2.615305074082541
S2 XoL agregat 7->inf thn,wang,0.3,274421482800.69067,160174067590.4206,11595402800.819904,20167233167.391182,8571830366.571278,1.739243863608185,0.0,0.14283,0.0,24589237125.61334,388257653408.9049,18182274421.996513,357881364733.53784,-5.797300831286445,-2.5750180270411094
S2 XoL agregat 10->50 thn,wang,0.3,279690373932.6866,321757950494.33124,6326511668.823973,11105250823.12895,4778739154.304977,1.75535135386754,0.0,0.09999,0.0,36954534203.7381,403714274756.56085,24084216183.96485,364824825629.9711,-2.0470709563727763,-0.6848202706739248
S2 XoL agregat 10->100 thn,wang,0.3,279041323696.127,277677531681.1578,6975561905.383617,12436902454.570602,5461340549.186985,1.782924820002245,0.0,0.09999,0.0,33229093717.302765,399057474148.51666,22121992450.05645,362516327119.49066,-3.17694742607435,-1.313255970128735
S2 XoL agregat 10->200 thn,wang,0.3,278752269186.29895,238349552312.6402,7264616415.211635,13072793129.50599,5808176714.294354,1.7995159527118885,0.0,0.09999,0.0,29643131945.558376,394575021933.8362,20109149853.052765,360148277005.36865,-4.264521859727466,-1.9579032259342322
S2 XoL agregat 10->500 thn,wang,0.3,278603770038.45605,190818729772.67145,7413115563.054545,13424071318.458107,6010955755.403562,1.8108541819260093,0.0,0.09999,0.0,25092828732.670708,388887142917.7266,17460079541.763847,357031723697.97,-5.644568205647915,-2.8063132849970973
S2 XoL agregat 10->inf thn,wang,0.3,278509141630.5598,189967168720.5514,7507743970.950775,13678554402.6106,6170810431.659824,1.8219260613489405,0.0,0.09999,0.0,25167527303.714966,388980516131.532,17568840554.892906,357159677831.0629,-5.621913124174849,-2.771480711026031
S2 XoL agregat 15->50 thn,wang,0.3,282598490456.38574,354038698281.7433,3418395145.1248426,6239726921.352866,2821331776.2280235,1.8253381064654497,0.0,0.06666,0.0,38225201604.40236,405302609007.3912,24063653673.13262,364800634440.7568,-1.6616944614173845,-0.6914057663307549
S2 XoL agregat 15->100 thn,wang,0.3,281949440219.82605,309958279468.5697,4067445381.6844864,7571378552.7945175,3503933171.110031,1.8614579526717374,0.0,0.06666,0.0,34499761117.967,400645808399.347,22101429939.224213,362492135930.2763,-2.7915709311189474,-1.319841465785565
S2 XoL agregat 15->200 thn,wang,0.3,281660385709.9981,270630300100.0522,4356499891.512504,8207269227.729904,3850769336.2174006,1.883913561829673,0.0,0.06666,0.0,30913799346.22262,396163356184.6665,20088587342.22053,360124085816.1543,-3.879145364772074,-1.9644887215910622
S2 XoL agregat 15->500 thn,wang,0.3,281511886562.1552,223572004860.13055,4504999039.355414,8558547416.682023,4053548377.3266087,1.8997889548732512,0.0,0.06666,0.0,26410748863.33967,390534543081.0628,17467868668.93444,357040887376.9942,-5.2448605871768255,-2.803818683847903
S2 XoL agregat 15->inf thn,wang,0.3,281417258154.259,222247916507.96338,4599627447.251644,8813030500.834515,4213403053.5828705,1.916031374693281,0.0,0.06666,0.0,26438194704.37921,390568850382.36224,17548278044.060673,357135486641.8486,-5.236536629219457,-2.778066206682861
S2 XoL agregat 20->50 thn,wang,0.3,283875930150.94305,374702429549.519,2140955450.567573,4001349181.1467533,1860393730.5791802,1.8689549005262978,0.0,0.05,0.0,39330636685.531075,406684402858.80206,24342539503.55032,365128735417.71875,-1.3264307277736087,-0.6020878109529226
S2 XoL agregat 20->100 thn,wang,0.3,283226879914.3834,330622010736.34534,2790005687.127217,5333000812.588406,2542995125.461189,1.9114659289743716,0.0,0.05,0.0,35605196199.095726,402027602250.7579,22380315769.64191,362820236907.2383,-2.4563071974751827,-1.2305235104077217
S2 XoL agregat 20->200 thn,wang,0.3,282937825404.55536,291294031367.82794,3079060196.955235,5968891487.523791,2889831290.5685563,1.938543291042572,0.0,0.05,0.0,32019234427.351353,397545150036.07745,20367473172.638233,360452186793.11633,-3.5438816311282872,-1.8751707662132078
S2 XoL agregat 20->500 thn,wang,0.3,282789326256.71246,244709587525.7672,3227559344.798145,6320169676.47591,3092610331.6777654,1.958188526157427,0.0,0.05,0.0,27563569084.254486,391975568357.2064,17775185583.223797,357402436687.92285,-4.89522557189459,-2.705395187766213
S2 XoL agregat 20->inf thn,wang,0.3,282694697848.8162,242911647775.7389,3322187752.694375,6574652760.628403,3252465007.9340277,1.9790130028913024,0.0,0.05,0.0,27543629785.50792,391950644233.7732,17827163874.47836,357463587618.81055,-4.901272895575682,-2.6887482513050287
S3 XoL 2->20 + pemerintah >20 thn,wang,0.3,226303197278.42896,49047608088.23767,56391500570.38722,78623387547.78282,22231886977.3956,1.3942418051040513,3322187752.694375,0.49993,0.05,27136647786.219368,391441916734.6625,25174743462.689857,366107798899.05945,-5.024705114198569,-0.3355602646219702
S3 XoL 2->50 + pemerintah >50 thn,wang,0.3,226303197278.42896,49047608088.23767,58532456020.95479,82624736728.92958,24092280707.974792,1.411605497971069,1181232302.126802,0.49993,0.02,28997041516.79856,393767408897.8865,27035137193.26905,368296497405.62317,-4.460472479637534,0.26026263525149584
S3 XoL 2->100 + pemerintah >100 thn,wang,0.3,226303197278.42896,49047608088.23767,59181506257.51443,83956388360.37123,24774882102.856804,1.4186254063060633,532182065.5671582,0.49993,0.01,29679642911.680573,394620660641.48895,27717738588.151062,369099557870.19025,-4.2534485700969515,0.4788774025833886
S3 XoL 3->20 + pemerintah >20 thn,wang,0.3,252109958504.22757,85514437520.21677,30584739344.58862,45465002896.43204,14880263551.843418,1.4865257599285768,3322187752.694375,0.33308,0.05,23431707303.865097,386810741131.71967,20011129803.056423,360032959299.4906,-6.148364205760737,-1.9892958228209023
S3 XoL 3->50 + pemerintah >50 thn,wang,0.3,252109958504.22757,85514437520.21677,32725694795.1562,49466352077.5788,16740657282.422596,1.5115447475511021,1181232302.126802,0.33308,0.02,25292101034.444275,389136233294.9436,21871523533.6356,362221657806.0544,-5.584131571199713,-1.393472922947414
S3 XoL 3->100 + pemerintah >100 thn,wang,0.3,252109958504.22757,85514437520.21677,33374745031.71584,50798003709.02045,17423258677.304607,1.5220491920087293,532182065.5671582,0.33308,0.01,25974702429.326286,389989485038.54614,22554124928.517612,363024718270.6215,-5.3771076616591085,-1.1748581556154991
S3 XoL 5->20 + pemerintah >20 thn,wang,0.3,268389846025.2744,130878673259.16998,14304851823.541836,22679898115.298607,8375046291.756771,1.5854689300572662,3322187752.694375,0.2,0.05,21462913617.67377,384349749023.98047,16227766687.306969,355581943869.19714,-6.745473102768806,-3.200982545823572
S3 XoL 5->50 + pemerintah >50 thn,wang,0.3,268389846025.2744,130878673259.16998,16445807274.10941,26681247296.44536,10235440022.335949,1.6223738276715411,1181232302.126802,0.2,0.02,23323307348.25295,386675241187.2044,18088160417.886147,357770642375.7609,-6.181240468207783,-2.6051596459500725
S3 XoL 5->100 + pemerintah >100 thn,wang,0.3,268389846025.2744,130878673259.16998,17094857510.669052,28012898927.88701,10918041417.217957,1.6386740228986354,532182065.5671582,0.2,0.01,24005908743.134956,387528492930.80695,18770761812.768154,358573702840.32794,-5.974216558667189,-2.386544878618202
S3 XoL 10->20 + pemerintah >20 thn,wang,0.3,278509141630.5598,189967168720.5514,4185556218.2564,7103901641.982197,2918345423.7257967,1.6972419605778244,3322187752.694375,0.09999,0.05,21915062295.780937,384914934871.61444,14316375546.958881,353333248409.9641,-6.60834243216486,-3.813138238092062
S3 XoL 10->50 + pemerintah >50 thn,wang,0.3,278509141630.5598,189967168720.5514,6326511668.823973,11105250823.12895,4778739154.304977,1.75535135386754,1181232302.126802,0.09999,0.02,23775456026.36012,387240427034.8384,16176769277.538061,355521946916.5279,-6.044109797603836,-3.2173153382185737
S3 XoL 10->100 + pemerintah >100 thn,wang,0.3,278509141630.5598,189967168720.5514,6975561905.383617,12436902454.570602,5461340549.186985,1.782924820002245,532182065.5671582,0.09999,0.01,24458057421.242126,388093678778.4409,16859370672.420069,356325007381.0949,-5.837085888063243,-2.998700570886692
S1 quota share 50%,wang,0.45,143008442800.7553,218520789613.86475,143008442800.7553,174187648320.8238,31179205520.06848,1.2180235300059068,0.0,0.99994,0.0,53031284481.454956,423810212603.707,44290452896.90037,388596868821.66003,2.8287932304797314,5.786572508145582
S2 XoL agregat 1.5->50 thn,wang,0.45,192736400721.01556,156018034006.00232,93280484880.49504,140629970459.99493,47349485579.49989,1.50760333889946,0.0,0.66649,0.0,62951288980.10013,436210218227.01337,56710567619.86003,403208768495.7302,5.837398441907338,9.764326598238803
S2 XoL agregat 1.5->100 thn,wang,0.45,192087350484.45593,111937615192.82874,93929535117.05469,142481830654.46457,48552295537.40988,1.5169012651548224,0.0,0.66649,0.0,59746057056.69276,432203678322.7542,55268552448.97961,401512280059.40027,4.865294299221268,9.302496585240405
S2 XoL agregat 1.5->200 thn,wang,0.45,191798295974.62787,72609635824.31122,94218589626.8827,143397029089.69617,49178439462.81346,1.5219611082862328,0.0,0.66649,0.0,56439403045.24458,428070360808.444,53535017612.27213,399472827310.3327,3.862430188364274,8.747302415070223
S2 XoL agregat 1.5->500 thn,wang,0.45,191649796826.78497,28338330841.93637,94367088774.72562,143921096707.04736,49554007932.32175,1.5251196002307303,0.0,0.66649,0.0,52387841016.51538,423005908272.5325,51254307782.83793,396789639275.7042,2.633645399433804,8.016866098280229
S2 XoL agregat 1.5->inf thn,wang,0.45,191555168418.88873,24227252232.222412,94461717182.62184,144326447457.51205,49864730274.89021,1.5278829536677516,0.0,0.66649,0.0,52287455498.11246,422880426374.5288,51318365408.823555,396865001188.6284,2.6031998090250363,8.037381648212683
S2 XoL agregat 2->50 thn,wang,0.45,227484429580.5558,180838389862.01764,58532456020.95479,96286348700.43112,37753892679.47633,1.6450078340461287,0.0,0.49993,0.0,55837731665.6781,427318271583.9859,48604196071.19739,393671860791.4212,3.6799512743297402,7.168122512949626
S2 XoL agregat 2->100 thn,wang,0.45,226835379343.99615,136757971048.84418,59181506257.51443,98138208894.90074,38956702637.386314,1.6582580454758176,0.0,0.49993,0.0,52632499742.27074,423311731679.7267,47162180900.31696,391975372355.09125,2.707847131643648,6.706292499951205
S2 XoL agregat 2->200 thn,wang,0.45,226546324834.16815,97429991680.32654,59470560767.34246,99053407330.13235,39582846562.789894,1.6655872426971687,0.0,0.49993,0.0,49325845730.82255,419178414165.41644,45428646063.60949,389935919606.0237,1.7049830207866545,6.151098329781024
S2 XoL agregat 2->500 thn,wang,0.45,226397825686.32523,49142175953.32651,59619059915.18536,99577474947.48355,39958415032.29819,1.6702288679013626,0.0,0.49993,0.0,44872632627.63084,413611897786.4268,42906945589.49778,386969213165.8923,0.3543828117151593,5.343480638750764
S2 XoL agregat 2->inf thn,wang,0.45,226303197278.42896,49047608088.23767,59713688323.0816,99982825697.94821,40269137374.866615,1.6743702910627456,0.0,0.49993,0.0,45173898183.690384,413988479731.5012,43211993860.16087,387328093484.31946,0.44575264144739446,5.441177562923527
S2 XoL agregat 3->50 thn,wang,0.45,253291190806.3544,217305219293.99686,32725694795.1562,59478180046.84661,26752485251.69041,1.8174764636517389,0.0,0.33308,0.0,48483007181.0901,418124865978.25085,39790798409.33022,383303157659.81274,1.4493613168384822,4.34548122668974
S2 XoL agregat 3->100 thn,wang,0.45,252642140569.7947,173224800480.82327,33374745031.71584,61330040241.31622,27955295209.600384,1.8376182404699906,0.0,0.33308,0.0,45277775257.68271,414118326073.9917,38348783238.44978,381606669223.48285,0.4772571741524123,3.8836512136913415
S2 XoL agregat 3->200 thn,wang,0.45,252353086059.9667,133896821112.30582,33663799541.543854,62245238676.54784,28581439135.003983,1.8490259425330813,0.0,0.33308,0.0,41971121246.234566,409985008559.68146,36615248401.74233,379567216474.4152,-0.5256069367045813,3.328457043521138
S2 XoL agregat 3->500 thn,wang,0.45,252204586912.1238,85703688658.41837,33812298689.386765,62769306293.899025,28957007604.51226,1.8564045843355064,0.0,0.33308,0.0,37527376470.354095,404430327589.83093,34099228924.017365,376607193559.44464,-1.8733355282383957,2.52265878871325
S2 XoL agregat 3->inf thn,wang,0.45,252109958504.22757,85514437520.21677,33906927097.283,63174657044.36369,29267729947.080692,1.8631784845352721,0.0,0.33308,0.0,37819173699.10237,404795074125.7662,34398596198.2937,376959390352.711,-1.7848373160438524,2.618536276663641
S2 XoL agregat 4->50 thn,wang,0.45,263960480042.56735,243315564135.56168,22056405558.943226,42627036440.64893,20570630881.705708,1.9326374973806608,0.0,0.24997,0.0,44902187295.26187,413648841120.9656,35169564729.83941,377866412154.5295,0.36334634868420146,2.8654521303489444
S2 XoL agregat 4->100 thn,wang,0.45,263311429806.00772,199235145322.38815,22705455795.50287,44478896635.118546,21773440839.615677,1.958951938059231,0.0,0.24997,0.0,41696955371.85449,409642301216.70636,33727549558.958965,376169923718.1995,-0.6087577940018907,2.4036221173505457
S2 XoL agregat 4->200 thn,wang,0.45,263022375296.17972,159907165953.8705,22994510305.33089,45394095070.35016,22399584765.019268,1.9741274968498155,0.0,0.24997,0.0,38390301360.40632,405508983702.3961,31994014722.2515,374130470969.13196,-1.6116219048588842,1.8484279471803422
S2 XoL agregat 4->500 thn,wang,0.45,262873876148.3368,111808652445.53076,23143009453.1738,45918162687.701355,22775153234.527554,1.9841050828160207,0.0,0.24997,0.0,33956018479.08063,399966130100.739,29483672381.2594,371177127038.553,-2.9564808298243817,1.044447892474687
S2 XoL agregat 4->inf thn,wang,0.45,262779247740.44055,111524782361.78174,23237637861.07003,46323513438.16602,23085875577.095993,1.9934691174343377,0.0,0.24997,0.0,34238353813.27417,400319049268.48096,29777362518.8029,371522644847.4277,-2.870852284198122,1.138507180322823
S2 XoL agregat 5->50 thn,wang,0.45,269571078327.4012,262669455032.94992,16445807274.10941,33153106625.59838,16707299351.488972,2.015900227518246,0.0,0.2,0.0,42974244854.783966,411238913070.36816,32467466653.465965,374687473241.1489,-0.22137290971397938,2.000059022887668
S2 XoL agregat 5->100 thn,wang,0.45,268922028090.84155,218589036219.77643,17094857510.669052,35004966820.06799,17910109309.39894,2.047689885582321,0.0,0.2,0.0,39769012931.37659,407232373166.109,31025451482.585526,372990984804.819,-1.1934770524000604,1.5382290098892692
S2 XoL agregat 5->200 thn,wang,0.45,268632973581.01352,179261056851.25888,17383912020.49707,35920165255.2996,18536253234.80253,2.066287796035021,0.0,0.2,0.0,36462358919.92842,403099055651.79877,29291916645.87806,370951532055.7514,-2.196341163257054,0.983034839719088
S2 XoL agregat 5->500 thn,wang,0.45,268484474433.17065,131257139581.28192,17532411168.33998,36444232872.6508,18911821704.31082,2.078677742766025,0.0,0.2,0.0,32037535662.439014,397568026579.937,26787250079.187737,368004865506.704,-3.538331110332882,0.18087254877383607
S2 XoL agregat 5->inf thn,wang,0.45,268389846025.2744,130878673259.16998,17627039576.23621,36849583623.11547,19222544046.87926,2.0905146019411007,0.0,0.2,0.0,32310411372.79626,397909121217.8836,27075264442.42946,368343705934.0471,-3.455571542596292,0.27311407286154665
S2 XoL agregat 7->50 thn,wang,0.45,275602715102.8175,291964849364.2003,10414170498.693106,22280939633.68495,11866769134.991846,2.139482893666954,0.0,0.14283,0.0,41063254071.41188,408850174591.1531,29384660096.843864,371060641998.06415,-0.8009509563397299,1.0127375155507767
S2 XoL agregat 7->100 thn,wang,0.45,274953664866.2578,247884430551.02692,11063220735.25275,24132799828.154564,13069579092.901814,2.181353911818449,0.0,0.14283,0.0,37858022148.0045,404843634686.8939,27942644925.96343,369364153561.7342,-1.773055099025811,0.550907502552378
S2 XoL agregat 7->200 thn,wang,0.45,274664610356.42984,208556451182.5093,11352275245.080765,25047998263.38617,13695723018.305405,2.206429788093811,0.0,0.14283,0.0,34551368136.556335,400710317172.5837,26209110089.255962,367324700812.6666,-2.7759192098827934,-0.004286667617803275
S2 XoL agregat 7->500 thn,wang,0.45,274516111208.5869,160741778427.26593,11500774392.923676,25572065880.73737,14071291487.813694,2.223508174933997,0.0,0.14283,0.0,30145469330.540287,395202943665.0636,23715798193.44965,364391392699.95325,-4.112169622935847,-0.8028124310785922
S2 XoL agregat 7->inf thn,wang,0.45,274421482800.69067,160174067590.4206,11595402800.819904,25977416631.20204,14382013830.382137,2.240320330171298,0.0,0.14283,0.0,30399420589.4242,395520382738.6685,23992457885.807373,364716874690.96234,-4.035149589222032,-0.7142074344753335
S2 XoL agregat 10->50 thn,wang,0.45,279690373932.6866,321757950494.33124,6326511668.823973,14320366149.90107,7993854481.077097,2.263548523978786,0.0,0.09999,0.0,40169649530.51022,407733168915.02606,27299331510.73697,368607314249.703,-1.0719693091115645,0.3448753824223827
S2 XoL agregat 10->100 thn,wang,0.45,279041323696.127,277677531681.1578,6975561905.383617,16172226344.370686,9196664438.987068,2.318411987984687,0.0,0.09999,0.0,36964417607.102844,403726629010.7668,25857316339.856537,366910825813.37317,-2.0440734517976678,-0.11695463057599387
S2 XoL agregat 10->200 thn,wang,0.45,278752269186.29895,238349552312.6402,7264616415.211635,17087424779.602293,9822808364.39066,2.3521441192438375,0.0,0.09999,0.0,33657763595.654682,399593311496.4566,24123781503.14907,364871373064.3055,-3.046937562654639,-0.6721488007462084
S2 XoL agregat 10->500 thn,wang,0.45,278603770038.45605,190818729772.67145,7413115563.054545,17611492396.953487,10198376833.898941,2.375720740780782,0.0,0.09999,0.0,29280249811.16609,394121419265.8458,21647500620.259228,361958101437.3763,-4.374579176819992,-1.4652200911366209
S2 XoL agregat 10->inf thn,wang,0.45,278509141630.5598,189967168720.5514,7507743970.950775,18016843147.41816,10509099176.467384,2.3997679219123023,0.0,0.09999,0.0,29505816048.522526,394403377062.5414,21907129299.70047,362263546942.60126,-4.306167941993899,-1.3820695676037165
S2 XoL agregat 15->50 thn,wang,0.45,282598490456.38574,354038698281.7433,3418395145.1248426,8197182493.812814,4778787348.687971,2.3979622442137085,0.0,0.06666,0.0,40182657176.862305,407749428472.9661,26021109245.592567,367103523349.5332,-1.0680242632591597,-0.06449715210236073
S2 XoL agregat 15->100 thn,wang,0.45,281949440219.82605,309958279468.5697,4067445381.6844864,10049042688.282427,5981597306.59794,2.4706029817960897,0.0,0.06666,0.0,36977425253.45491,403742888568.70685,24579094074.71212,365407034913.2032,-2.040128405945263,-0.5263271651007928
S2 XoL agregat 15->200 thn,wang,0.45,281660385709.9981,270630300100.0522,4356499891.512504,10964241123.514034,6607741232.001531,2.516754595788004,0.0,0.06666,0.0,33670771242.00675,399609571054.3967,22845559238.00466,363367582164.1356,-3.042992516802223,-1.081521335270974
S2 XoL agregat 15->500 thn,wang,0.45,281511886562.1552,223572004860.13055,4504999039.355414,11488308740.86523,6983309701.509816,2.5501245706167794,0.0,0.06666,0.0,29340510187.522873,394196744736.2919,20397629993.11765,360487665405.44507,-4.356303007451867,-1.8655125288553398
S2 XoL agregat 15->inf thn,wang,0.45,281417258154.259,222247916507.96338,4599627447.251644,11893659491.329903,7294032044.0782585,2.5857875725210238,0.0,0.06666,0.0,29518823694.8746,394419636620.48145,20628907034.55606,360759756042.43134,-4.302222896141494,-1.7914421021284932
S2 XoL agregat 20->50 thn,wang,0.45,283875930150.94305,374702429549.519,2140955450.567573,5316318894.386581,3175363443.8190084,2.4831525069693585,0.0,0.05,0.0,40645606398.770905,408328115000.35187,25657509216.790146,366675758609.7656,-0.9276179316036859,-0.18094627789451145
S2 XoL agregat 20->100 thn,wang,0.45,283226879914.3834,330622010736.34534,2790005687.127217,7168179088.856195,4378173401.728979,2.569234579674656,0.0,0.05,0.0,37440374475.36352,404321575096.09265,24215494045.9097,364979270173.43567,-1.899722074289778,-0.6427762908929213
S2 XoL agregat 20->200 thn,wang,0.45,282937825404.55536,291294031367.82794,3079060196.955235,8083377524.087803,5004317327.132568,2.6252742743000432,0.0,0.05,0.0,34133720463.915363,400188257581.7824,22481959209.202244,362939817424.3681,-2.9025861851467716,-1.1979704610631137
S2 XoL agregat 20->500 thn,wang,0.45,282789326256.71246,244709587525.7672,3227559344.798145,8607445141.439,5379885796.640854,2.666858831058091,0.0,0.05,0.0,29850844549.217575,394834662688.4102,20062461048.186886,360093348999.64417,-4.201525394157956,-1.972856113943644
S2 XoL agregat 20->inf thn,wang,0.45,282694697848.8162,242911647775.7389,3322187752.694375,9012795891.903671,5690608139.209296,2.712909854235082,0.0,0.05,0.0,29981772916.783188,394998323147.86725,20265307005.753628,360331991302.6638,-4.16181656448601,-1.9078912279206328
S3 XoL 2->20 + pemerintah >20 thn,wang,0.45,226303197278.42896,49047608088.23767,56391500570.38722,90970029806.04456,34578529235.65733,1.6131868967114433,3322187752.694375,0.49993,0.05,39483290044.4811,406875219557.4896,37521385720.95159,380633260379.3673,-1.2801329976322773,3.618663012473089
S3 XoL 2->50 + pemerintah >50 thn,wang,0.45,226303197278.42896,49047608088.23767,58532456020.95479,96286348700.43112,37753892679.47633,1.6450078340461287,1181232302.126802,0.49993,0.02,42658653488.3001,410844423862.26337,40696749164.77059,384368982077.9779,-0.31708756690134177,4.635627445404955
S3 XoL 2->100 + pemerintah >100 thn,wang,0.45,226303197278.42896,49047608088.23767,59181506257.51443,98138208894.90074,38956702637.386314,1.6582580454758176,532182065.5671582,0.49993,0.01,43861463446.21008,412347936309.6509,41899559122.68057,385784052616.6955,0.047708669654733526,5.020847899193259
S3 XoL 3->20 + pemerintah >20 thn,wang,0.45,252109958504.22757,85514437520.21677,30584739344.58862,54161861152.46002,23577121807.871403,1.770878624866977,3322187752.694375,0.33308,0.05,32128565559.89308,397681813951.7546,28707988059.084408,370264557247.75885,-3.5107229551235353,0.796021726213203
S3 XoL 3->50 + pemerintah >50 thn,wang,0.45,252109958504.22757,85514437520.21677,32725694795.1562,59478180046.84661,26752485251.69041,1.8174764636517389,1181232302.126802,0.33308,0.02,35303929003.71209,401651018256.5284,31883351502.903416,374000278946.3695,-2.5476775243925776,1.8129861591450913
S3 XoL 3->100 + pemerintah >100 thn,wang,0.45,252109958504.22757,85514437520.21677,33374745031.71584,61330040241.31622,27955295209.600384,1.8376182404699906,532182065.5671582,0.33308,0.01,36506738961.62206,403154530703.91583,33086161460.81339,375415349485.0871,-2.1828812878365134,2.1982066129333955
S3 XoL 5->20 + pemerintah >20 thn,wang,0.45,268389846025.2744,130878673259.16998,14304851823.541836,27836787731.2118,13531935907.669964,1.9459682682906323,3322187752.694375,0.2,0.05,26619803233.586964,390795861043.87195,21384656303.22016,361648872829.09503,-5.181457181675986,-1.5494004775888692
S3 XoL 5->50 + pemerintah >50 thn,wang,0.45,268389846025.2744,130878673259.16998,16445807274.10941,33153106625.59838,16707299351.488972,2.015900227518246,1181232302.126802,0.2,0.02,29795166677.40597,394765065348.6457,24560019747.03917,365384594527.7057,-4.218411750945039,-0.5324360446569698
S3 XoL 5->100 + pemerintah >100 thn,wang,0.45,268389846025.2744,130878673259.16998,17094857510.669052,35004966820.06799,17910109309.39894,2.047689885582321,532182065.5671582,0.2,0.01,30997976635.31594,396268577796.03314,25762829704.94914,366799665066.4233,-3.853615514388975,-0.14721559086867675
S3 XoL 10->20 + pemerintah >20 thn,wang,0.45,278509141630.5598,189967168720.5514,4185556218.2564,9004047255.514488,4818491037.258088,2.1512188072497933,3322187752.694375,0.09999,0.05,23815207909.31323,387290116888.5298,16216521160.491173,355568713837.6492,-6.032053581073582,-3.2045841180541323
S3 XoL 10->50 + pemerintah >50 thn,wang,0.45,278509141630.5598,189967168720.5514,6326511668.823973,14320366149.90107,7993854481.077097,2.263548523978786,1181232302.126802,0.09999,0.02,26990571353.13224,391259321193.3036,19391884604.31018,359304435536.25977,-5.069008150342624,-2.187619685122255
S3 XoL 10->100 + pemerintah >100 thn,wang,0.45,278509141630.5598,189967168720.5514,6975561905.383617,16172226344.370686,9196664438.987068,2.318411987984687,532182065.5671582,0.09999,0.01,28193381311.04221,392762833640.69104,20594694562.220154,360719506074.9774,-4.70421191378656,-1.802399231333951
S1 quota share 50%,coc_div,,143008442800.7553,218520789613.86475,143008442800.7553,149127024909.9435,6118582109.188202,1.0427847614403636,0.0,0.99994,0.0,27970661070.574677,392484433340.1066,19229829486.02009,359113782455.91846,-4.771759995670244,-2.2395206074549145
S2 XoL agregat 1.5->50 thn,coc_div,,192736400721.01556,156018034006.00232,93280484880.49504,101149144146.7034,7868659266.208359,1.0843548280895965,0.0,0.66649,0.0,23470462666.808594,386859185335.399,17229741306.568497,356760737538.9166,-6.136610220473893,-2.8800830429736024
S2 XoL agregat 1.5->100 thn,coc_div,,192087350484.45593,111937615192.82874,93929535117.05469,103032446110.0319,9102910992.977219,1.0969121265386144,0.0,0.66649,0.0,20296672512.260094,382891947642.2133,15819167904.546944,355101239418.89124,-7.099178493528258,-3.3318432919265173
S2 XoL agregat 1.5->200 thn,coc_div,,191798295974.62787,72609635824.31122,94218589626.8827,104422684042.17842,10204094415.295715,1.1083023472937261,0.0,0.66649,0.0,17465057997.726837,379352429499.04675,14560672564.754387,353620656666.19415,-7.957969453385427,-3.7348979413307615
S2 XoL agregat 1.5->500 thn,coc_div,,191649796826.78497,28338330841.93637,94367088774.72562,105398620441.80202,11031531667.0764,1.1169002012281106,0.0,0.66649,0.0,13865364751.270039,374852812940.97577,12731831517.592583,351469078963.6508,-9.049708460389894,-4.320615554875062
S2 XoL agregat 1.5->inf thn,coc_div,,191555168418.88873,24227252232.222412,94461717182.62184,106020518338.49603,11558801155.874191,1.1223649273020062,0.0,0.66649,0.0,13981526379.096432,374998014975.7588,13012436289.807535,351799202225.0802,-9.014478186160257,-4.230747078997421
S2 XoL agregat 2->50 thn,coc_div,,227484429580.5558,180838389862.01764,58532456020.95479,65706145323.19472,7173689302.239929,1.1225591712685306,0.0,0.49993,0.0,25257528288.441692,389093017362.44037,18023992693.960987,357695150935.849,-5.594617024488668,-2.6257104566300593
S2 XoL agregat 2->100 thn,coc_div,,226835379343.99615,136757971048.84418,59181506257.51443,67589447286.52322,8407941029.008789,1.1420704128824233,0.0,0.49993,0.0,22083738133.893208,385125779669.25476,16613419291.93944,356035652815.8236,-6.557185297543022,-3.077470705582974
S2 XoL agregat 2->200 thn,coc_div,,226546324834.16815,97429991680.32654,59470560767.34246,68979685218.66974,9509124451.327278,1.159896330699291,0.0,0.49993,0.0,19252123619.359932,381586261526.08813,15354923952.14687,354555070063.12646,-7.415976257400192,-3.4805253549872295
S2 XoL agregat 2->500 thn,coc_div,,226397825686.32523,49142175953.32651,59619059915.18536,69955621618.29333,10336561703.107971,1.1733767979202097,0.0,0.49993,0.0,15250779298.440622,376584581124.939,13285092260.307562,352119973955.0802,-8.629530684545694,-4.143424342771818
S2 XoL agregat 2->inf thn,coc_div,,226303197278.42896,49047608088.23767,59713688323.0816,70577519514.98737,10863831191.90577,1.1819320075009752,0.0,0.49993,0.0,15768592000.729538,377231847002.8002,13806687677.20003,352733615622.0125,-8.472484990175033,-3.976374492653889
S2 XoL agregat 3->50 thn,coc_div,,253291190806.3544,217305219293.99686,32725694795.1562,38878312873.30071,6152618078.144512,1.1880057281184195,0.0,0.33308,0.0,27883140007.5442,392375032011.3185,19190931235.784325,359068019808.5823,-4.79830396814317,-2.25197843714684
S2 XoL agregat 3->100 thn,coc_div,,252642140569.7947,173224800480.82327,33374745031.71584,40761614836.62921,7386869804.913372,1.2213311232158828,0.0,0.33308,0.0,24709349852.9957,388407794318.13293,17780357833.762768,357408521688.55695,-5.760872241197501,-2.7037386860997437
S2 XoL agregat 3->200 thn,coc_div,,252353086059.9667,133896821112.30582,33663799541.543854,42151852768.77572,8488053227.231865,1.2521418658270265,0.0,0.33308,0.0,21877735338.46245,384868276174.9663,16521862493.970215,355927938935.8598,-6.619663201054681,-3.106793335503999
S2 XoL agregat 3->500 thn,coc_div,,252204586912.1238,85703688658.41837,33812298689.386765,43127789168.39932,9315490479.012558,1.2755059797793804,0.0,0.33308,0.0,17885859344.854393,379878431182.95624,14457711798.51766,353499526352.9744,-7.830346010662515,-3.7678728870661926
S2 XoL agregat 3->inf thn,coc_div,,252109958504.22757,85514437520.21677,33906927097.283,43749687065.09335,9842759967.810352,1.290287584586191,0.0,0.33308,0.0,18394203719.83203,380513861651.6783,14973626219.023357,354106484494.7459,-7.676171933829535,-3.6026424731706364
S2 XoL agregat 4->50 thn,coc_div,,263960480042.56735,243315564135.56168,22056405558.943226,27480733981.52392,5424328422.580692,1.2459298460070838,0.0,0.24997,0.0,29755884836.13686,394715963047.0593,20023262270.714394,360047232790.85297,-4.2303254100943715,-1.9854101926213397
S2 XoL agregat 4->100 thn,coc_div,,263311429806.00772,199235145322.38815,22705455795.50287,29364035944.852425,6658580149.349556,1.2932590391190641,0.0,0.24997,0.0,26582094681.58837,390748725353.8737,18612688868.692844,358387734670.82764,-5.192893683148725,-2.4371704415742435
S2 XoL agregat 4->200 thn,coc_div,,263022375296.17972,159907165953.8705,22994510305.33089,30754273876.998936,7759763571.668045,1.3374615709850135,0.0,0.24997,0.0,23750480167.0551,387209207210.70715,17354193528.900276,356907151918.1305,-6.051684643005883,-2.8402250909784987
S2 XoL agregat 4->500 thn,coc_div,,262873876148.3368,111808652445.53076,23143009453.1738,31730210276.622543,8587200823.448742,1.3710494454415523,0.0,0.24997,0.0,19768066068.00182,382231189586.89056,15295719970.180588,354485418319.6367,-7.259497786045377,-3.4994864424384486
S2 XoL agregat 4->inf thn,coc_div,,262779247740.44055,111524782361.78174,23237637861.07003,32352108173.316566,9114470312.246536,1.3922287784472271,0.0,0.24997,0.0,20266948548.424713,382854792687.4191,15805957253.953442,355085697477.01654,-7.108193375780736,-3.3360742286451583
S2 XoL agregat 5->50 thn,coc_div,,269571078327.4012,262669455032.94992,16445807274.10941,21328226751.563232,4882419477.453823,1.2968792833380824,0.0,0.2,0.0,31149364980.748817,396457813227.8243,20642586779.430817,360775849859.9311,-3.8077014459950487,-1.7870609299460383
S2 XoL agregat 5->100 thn,coc_div,,268922028090.84155,218589036219.77643,17094857510.669052,23211528714.891735,6116671204.222683,1.3578076740566696,0.0,0.2,0.0,27975574826.20033,392490575534.6387,19232013377.409267,359116351739.9057,-4.770269719049402,-2.238821178898953
S2 XoL agregat 5->200 thn,coc_div,,268632973581.01352,179261056851.25888,17383912020.49707,24601766647.038246,7217854626.541176,1.415203126777835,0.0,0.2,0.0,25143960311.667065,388951057391.47205,17973518037.616707,357635768987.2086,-5.629060678906583,-2.6418758283031973
S2 XoL agregat 5->500 thn,coc_div,,268484474433.17065,131257139581.28192,17532411168.33998,25577703046.66185,8045291878.321869,1.4588810860681873,0.0,0.2,0.0,21171005836.45006,383984864297.45087,15920720253.198784,355220712770.2464,-6.8340048440563965,-3.299319416002744
S2 XoL agregat 5->inf thn,coc_div,,268389846025.2744,130878673259.16998,17627039576.23621,26199600943.355873,8572561367.119663,1.48633018210708,0.0,0.2,0.0,21660428693.036663,384596642868.1841,16425281762.66986,355814314546.09467,-6.685569411681424,-3.137724965969857
S2 XoL agregat 7->50 thn,coc_div,,275602715102.8175,291964849364.2003,10414170498.693106,14476318934.871918,4062148436.178812,1.3900597207130976,0.0,0.14283,0.0,33258633372.598846,399094398717.63684,21580039398.03083,361878735293.5782,-3.1679884421464855,-1.48682570095805
S2 XoL agregat 7->100 thn,coc_div,,274953664866.2578,247884430551.02692,11063220735.25275,16359620898.20042,5296400162.94767,1.4787394457448353,0.0,0.14283,0.0,30084843218.05036,395127161024.4512,20169465996.009285,360219237173.55286,-4.13055671520085,-1.9385859499109537
S2 XoL agregat 7->200 thn,coc_div,,274664610356.42984,208556451182.5093,11352275245.080765,17749858830.346924,6397583585.266159,1.563550781420526,0.0,0.14283,0.0,27253228703.51709,391587642881.2846,18910970656.216717,358738654420.8557,-4.989347675058009,-2.341640599315209
S2 XoL agregat 7->500 thn,coc_div,,274516111208.5869,160741778427.26593,11500774392.923676,18725795229.970535,7225020837.04686,1.6282203780549205,0.0,0.14283,0.0,23299198679.773453,386645105351.60504,16869527542.682816,356336956640.22754,-6.188552306185069,-2.9954476595302926
S2 XoL agregat 7->inf thn,coc_div,,274421482800.69067,160174067590.4206,11595402800.819904,19347693126.664555,7752290325.84465,1.6685658496741906,0.0,0.14283,0.0,23769697084.88671,387233228357.99664,17362734381.269886,356917199979.7418,-6.045856407832851,-2.8374897369818575
S2 XoL agregat 10->50 thn,coc_div,,279690373932.6866,321757950494.33124,6326511668.823973,9554453273.359121,3227941604.5351486,1.510224555570161,0.0,0.09999,0.0,35403736653.96828,401775777819.3486,22533418634.195023,363000357924.35956,-2.517407193694443,-1.1814897003934566
S2 XoL agregat 10->100 thn,coc_div,,279041323696.127,277677531681.1578,6975561905.383617,11437755236.687622,4462193331.304005,1.6396894460731775,0.0,0.09999,0.0,32229946499.419785,397808540126.163,21122845232.17347,361340859804.3342,-3.479975466748775,-1.6332499493463604
S2 XoL agregat 10->200 thn,coc_div,,278752269186.29895,238349552312.6402,7264616415.211635,12827993168.834131,5563376753.622497,1.7658183771373182,0.0,0.09999,0.0,29398331984.88652,394269021982.9964,19864349892.38091,359860277051.63715,-4.338766426605956,-2.0363045987505934
S2 XoL agregat 10->500 thn,coc_div,,278603770038.45605,190818729772.67145,7413115563.054545,13803929568.45774,6390814005.403195,1.8620955590188972,0.0,0.09999,0.0,25472686982.67034,389361965730.2262,17839937791.76348,357478615756.7931,-5.529362258845294,-2.684657185895334
S2 XoL agregat 10->inf thn,coc_div,,278509141630.5598,189967168720.5514,7507743970.950775,14425827465.15176,6918083494.200985,1.921459698275364,0.0,0.09999,0.0,25914800366.256126,389914607459.7084,18316113617.434067,358038822610.5232,-5.395275159380808,-2.532153736417264
S2 XoL agregat 15->50 thn,coc_div,,282598490456.38574,354038698281.7433,3418395145.1248426,5742475811.612455,2324080666.4876127,1.679874785629189,0.0,0.06666,0.0,37727950494.66194,404681045120.21564,23566402563.392212,364215633135.1798,-1.8125040986869512,-0.8506589358620253
S2 XoL agregat 15->100 thn,coc_div,,281949440219.82605,309958279468.5697,4067445381.6844864,7625777774.940958,3558332393.2564716,1.8748322495686047,0.0,0.06666,0.0,34554160340.11344,400713807427.0301,22155829161.37065,362556135015.1545,-2.775072371741294,-1.3024191848149291
S2 XoL agregat 15->200 thn,coc_div,,281660385709.9981,270630300100.0522,4356499891.512504,9016015707.087467,4659515815.574964,2.0695549022399398,0.0,0.06666,0.0,31722545825.58018,397174289283.8635,20897333821.578094,361075552262.45734,-3.6338633315984525,-1.7054738342191844
S2 XoL agregat 15->500 thn,coc_div,,281511886562.1552,223572004860.13055,4504999039.355414,9991952106.711075,5486953067.35566,2.2179698640159415,0.0,0.06666,0.0,27844153553.368717,392326298943.5991,18901273358.963493,358727245835.8519,-4.810128040322114,-2.344746324557867
S2 XoL agregat 15->inf thn,coc_div,,281417258154.259,222247916507.96338,4599627447.251644,10613850003.405094,6014222556.15345,2.307545583881375,0.0,0.06666,0.0,28239014206.94979,392819874760.57544,19349097546.631252,359254097821.3434,-4.6903720643733156,-2.201322971885855
S2 XoL agregat 20->50 thn,coc_div,,283875930150.94305,374702429549.519,2140955450.567573,3886451641.557467,1745496190.989894,1.8152884220580854,0.0,0.05,0.0,39215739145.94179,406540780934.3155,24227641963.961033,364993561841.7314,-1.3612776208809296,-0.6388857124407288
S2 XoL agregat 20->100 thn,coc_div,,283226879914.3834,330622010736.34534,2790005687.127217,5769753604.885969,2979747917.7587523,2.068007829341347,0.0,0.05,0.0,36041948991.39329,402573543241.1299,22817068561.939472,363334063721.706,-2.3238458939352835,-1.0906459613936548
S2 XoL agregat 20->200 thn,coc_div,,282937825404.55536,291294031367.82794,3079060196.955235,7159991537.03248,4080931340.077245,2.32538212280251,0.0,0.05,0.0,33210334476.86004,399034025097.9633,21558573222.14692,361853480969.00885,-3.182636853792453,-1.49370061079791
S2 XoL agregat 20->500 thn,coc_div,,282789326256.71246,244709587525.7672,3227559344.798145,8135927936.656084,4908368591.857939,2.520767882941875,0.0,0.05,0.0,29379327344.43466,394245266182.43164,19590943843.40397,359538622876.3701,-4.344530280877635,-2.123867560432746
S2 XoL agregat 20->inf thn,coc_div,,282694697848.8162,242911647775.7389,3322187752.694375,8757825833.350107,5435638080.655732,2.6361622175770463,0.0,0.05,0.0,29726802858.22962,394679610574.6753,20010336947.200066,360032026527.89496,-4.239145586567295,-1.9895497484645475
S3 XoL 2->20 + pemerintah >20 thn,coc_div,,226303197278.42896,49047608088.23767,56391500570.38722,61819693681.63726,5428193111.250038,1.0962590648651853,3322187752.694375,0.49993,0.05,10332953920.073807,370437299401.98047,8371049596.544298,346338747291.82935,-10.121041607173431,-5.71723052256038
S3 XoL 2->50 + pemerintah >50 thn,coc_div,,226303197278.42896,49047608088.23767,58532456020.95479,65706145323.19472,7173689302.239929,1.1225591712685306,1181232302.126802,0.49993,0.02,12078450111.063698,372619169640.7179,10116545787.53419,348392272222.40564,-9.591655865719728,-5.158205524174731
S3 XoL 2->100 + pemerintah >100 thn,coc_div,,226303197278.42896,49047608088.23767,59181506257.51443,67589447286.52322,8407941029.008789,1.1420704128824233,532182065.5671582,0.49993,0.01,13312701837.832558,374161984299.17896,11350797514.30305,349844333077.42786,-9.217323759531926,-4.762915306340931
S3 XoL 3->20 + pemerintah >20 thn,coc_div,,252109958504.22757,85514437520.21677,30584739344.58862,34991861231.74324,4407121887.154621,1.144095453536516,3322187752.694375,0.33308,0.05,12958565639.176298,373719314050.8586,9537988138.367626,347711616164.5626,-9.324728550827944,-5.34349850307716
S3 XoL 3->50 + pemerintah >50 thn,coc_div,,252109958504.22757,85514437520.21677,32725694795.1562,38878312873.30071,6152618078.144512,1.1880057281184195,1181232302.126802,0.33308,0.02,14704061830.16619,375901184289.596,11283484329.357517,349765141095.13904,-8.79534280937423,-4.784473504691478
S3 XoL 3->100 + pemerintah >100 thn,coc_div,,252109958504.22757,85514437520.21677,33374745031.71584,40761614836.62921,7386869804.913372,1.2213311232158828,532182065.5671582,0.33308,0.01,15938313556.93505,377443998948.05707,12517736056.126377,351217201950.1612,-8.421010703186427,-4.389183286857701
S3 XoL 5->20 + pemerintah >20 thn,coc_div,,268389846025.2744,130878673259.16998,14304851823.541836,17441775110.005768,3136923286.463932,1.2192908619508678,3322187752.694375,0.2,0.05,16224790612.380932,377802095267.3644,10989643682.01413,349419446215.9115,-8.334126028679822,-4.878580995876347
S3 XoL 5->50 + pemerintah >50 thn,coc_div,,268389846025.2744,130878673259.16998,16445807274.10941,21328226751.563232,4882419477.453823,1.2968792833380824,1181232302.126802,0.2,0.02,17970286803.370823,379983965506.1018,12735139873.00402,351472971146.48785,-7.8047402872261085,-4.319555997490687
S3 XoL 5->100 + pemerintah >100 thn,coc_div,,268389846025.2744,130878673259.16998,17094857510.669052,23211528714.891735,6116671204.222683,1.3578076740566696,532182065.5671582,0.2,0.01,19204538530.139683,381526780164.56287,13969391599.77288,352925032001.51,-7.430408181038306,-3.924265779656899
S3 XoL 10->20 + pemerintah >20 thn,coc_div,,278509141630.5598,189967168720.5514,4185556218.2564,5668001631.801654,1482445413.5452538,1.3541812213820423,3322187752.694375,0.09999,0.05,20479162285.600395,383120059858.88873,12880475536.778337,351643954280.33997,-7.043831776379195,-4.273009766323755
S3 XoL 10->50 + pemerintah >50 thn,coc_div,,278509141630.5598,189967168720.5514,6326511668.823973,9554453273.359121,3227941604.5351486,1.510224555570161,1181232302.126802,0.09999,0.02,22224658476.59029,385301930097.6261,14625971727.768232,353697479210.9163,-6.514446034925503,-3.7139847679381055
S3 XoL 10->100 + pemerintah >100 thn,coc_div,,278509141630.5598,189967168720.5514,6975561905.383617,11437755236.687622,4462193331.304005,1.6396894460731775,532182065.5671582,0.09999,0.01,23458910203.359146,386844744756.08716,15860223454.537088,355149540065.93854,-6.1401139287377005,-3.3186945501042953
